Workbook

Sheet HPP MALL
A1: Nama Produk MALL | B1: HARGA NASIONAL | C1: HARGA NASIONAL (PCS) | D1: HARGA NASIONAL (PCS) | E1: ECOM (PCS) | S1: ECOM (PCS/PACK) / BOX | AG1: ECOM CTN
E2: min (PCS) | F2: ADM MARKETPLACE (INC. PPN) | J2: Biaya | K2: BIAYA OPS | L2: HPP | M2: MARGIN ECOM | N2: PROFIT | O2: HARGA JUAL (PCS) | Q2: Harga Jual /pcs | S2: PACK (PCS) | T2: ADM MARKETPLACE (INC. PPN) | X2: Biaya | Y2: BIAYA OPS | Z2: HPP | AA2: MARGIN | AB2: PROFIT | AC2: HARGA JUAL (PACK) | AE2: HARGA JUAL SATUAN | AG2: (PCS) | AH2: ADM MARKETPLACE (INC. PPN) | AL2: Biaya | AM2: BIAYA OPS | AN2: HPP | AO2: MARGIN 2.5% | AP2: PROFIT | AQ2: HARGA JUAL (PCS) | AS2: HARGA JUAL SATUAN) | AT2: CTN (PCS) | AU2: ADM MARKETPLACE (INC. PPN) | AV2: Biaya | AW2: BIAYA OPS | AX2: HPP | AY2: MARGIN CMS | AZ2: PROFIT | BA2: HARGA JUAL (PCS) | BC2: HARGA JUAL (BOX)
C3: (INC PPN) | D3: (EXC PPN) | F3: 0.118 | G3: 0.08 | H3: 0.045 | I3: 0.018 | J3: 1250 | K3: 0.08 | L3: (EXC PPN) | M3: 0.025 | O3: (EXC PPN) | P3: (INCL PPN) | T3: 0.117 | U3: 0.08 | V3: 0.045 | W3: 0.018 | Y3: 0.08 | Z3: (EXC PPN) | AC3: (EXC PPN) | AD3: (INC PPN) | AH3: 0.117 | AI3: 0.08 | AJ3: 0.045 | AK3: 0.018 | AM3: 0.03 | AN3: (EXC PPN) | AQ3: (EXC PPN) | AR3: (INC PPN) | AU3: 0.17 | AW3: 0.04 | AX3: (EXC PPN) | BA3: (EXC PPN) | BB3: (INC PPN)
A4: Per Pcs | C4: 0.82 | D4: 1.11 | O4: 1.11
A5: CROCKIE ORIGINAL | B5: 3350 | C5: =B5*$C$4 -> 2747 | D5: =C5/$D$4 -> 2474.7748 | E5: 4 | F5: =P5*$F$3 -> 2301 | G5: =P5*$G$3 -> 1560 | H5: =P5*$H$3 -> 877.5 | I5: =P5*$I$3 -> 351 | J5: 1250 | K5: =C5*$K$3*E5 -> 879.04 | L5: =(D5*E5)+F5+G5+H5+I5+J5+K5 -> 17117.639 | M5: =N5/O5 -> 0.025611313 | N5: =O5-L5 -> 449.92847 | O5: =P5/$O$4 -> 17567.568 | P5: 19500 | Q5: =P5/E5 -> 4875 | S5: 50 | T5: =AD5*$T$3 -> 25740 | U5: =AD5*$U$3 -> 17600 | V5: =AD5*$V$3 -> 9900 | W5: =AD5*$W$3 -> 3960 | X5: 1250 | Y5: =C5*$Y$3*S5 -> 10988 | Z5: =(D5*S5)+T5+U5+V5+W5+X5+Y5 -> 193176.74 | AA5: =AB5/AC5 -> 0.025335545 | AB5: =AC5-Z5 -> 5021.4595 | AC5: =AD5/$O$4 -> 198198.2 | AD5: 220000 | AE5: =AD5/S5 -> 4400 | AG5: 500 | AH5: =AR5*$T$3 -> 239850 | AI5: =AR5*$U$3 -> 164000 | AJ5: =AR5*$V$3 -> 92250 | AK5: =AR5*$W$3 -> 36900 | AL5: 1250 | AM5: =C5*$AM$3*AG5 -> 41205 | AN5: =(D5*AG5)+AH5+AI5+AJ5+AK5+AL5+AM5 -> 1812842.4 | AO5: =AP5/AQ5 -> 0.018412171 | AP5: =AQ5-AN5 -> 34004.459 | AQ5: =AR5/$O$4 -> 1846846.8 | AR5: 2050000 | AS5: =AR5/AG5 -> 4100
A6: CROCKIE MAGNET SUPER | B6: 3500 | C6: =B6*$C$4 -> 2870 | D6: =C6/$D$4 -> 2585.5856 | E6: 4 | F6: =P6*$F$3 -> 2596 | G6: =P6*$G$3 -> 1760 | H6: =P6*$H$3 -> 990 | I6: =P6*$I$3 -> 396 | J6: 1250 | K6: =C6*$K$3*E6 -> 918.4 | L6: =(D6*E6)+F6+G6+H6+I6+J6+K6 -> 18252.742 | M6: =N6/O6 -> 0.079066182 | N6: =O6-L6 -> 1567.0775 | O6: =P6/$O$4 -> 19819.82 | P6: 22000 | Q6: =P6/E6 -> 5500 | S6: 50 | T6: =AD6*$T$3 -> 26910 | U6: =AD6*$U$3 -> 18400 | V6: =AD6*$V$3 -> 10350 | W6: =AD6*$W$3 -> 4140 | X6: 1250 | Y6: =C6*$Y$3*S6 -> 11480 | Z6: =(D6*S6)+T6+U6+V6+W6+X6+Y6 -> 201809.28 | AA6: =AB6/AC6 -> 0.02605087 | AB6: =AC6-Z6 -> 5397.9279 | AC6: =AD6/$O$4 -> 207207.21 | AD6: 230000 | AE6: =AD6/S6 -> 4600 | AG6: 500 | AH6: =AR6*$AH$3 -> 251550 | AI6: =AR6*$AI$3 -> 172000 | AJ6: =AR6*$AJ$3 -> 96750 | AK6: =AR6*$AK$3 -> 38700 | AL6: 1250 | AM6: =C6*$AM$3*AG6 -> 43050 | AN6: =(D6*AG6)+AH6+AI6+AJ6+AK6+AL6+AM6 -> 1896092.8 | AO6: =AP6/AQ6 -> 0.021086977 | AP6: =AQ6-AN6 -> 40844.144 | AQ6: =AR6/$O$4 -> 1936936.9 | AR6: 2150000 | AS6: =AR6/AG6 -> 4300
A7: CROCKIE BARA TURBO | B7: 4100 | C7: =B7*$C$4 -> 3362 | D7: =C7/$D$4 -> 3028.8288 | E7: 4 | F7: =P7*$F$3 -> 2773 | G7: =P7*$G$3 -> 1880 | H7: =P7*$H$3 -> 1057.5 | I7: =P7*$I$3 -> 423 | J7: 1250 | K7: =C7*$K$3*E7 -> 1075.84 | L7: =(D7*E7)+F7+G7+H7+I7+J7+K7 -> 20574.655 | M7: =N7/O7 -> 0.028175855 | N7: =O7-L7 -> 596.51586 | O7: =P7/$O$4 -> 21171.171 | P7: 23500 | Q7: =P7/E7 -> 5875 | S7: 25 | T7: =AD7*$T$3 -> 15838.875 | U7: =AD7*$U$3 -> 10830 | V7: =AD7*$V$3 -> 6091.875 | W7: =AD7*$W$3 -> 2436.75 | X7: 1250 | Y7: =C7*$Y$3*S7 -> 6724 | Z7: =(D7*S7)+T7+U7+V7+W7+X7+Y7 -> 118892.22 | AA7: =AB7/AC7 -> 0.025149658 | AB7: =AC7-Z7 -> 3067.2387 | AC7: =AD7/$O$4 -> 121959.46 | AD7: 135375 | AE7: =AD7/S7 -> 5415 | AG7: 500 | AH7: =AR7*$AH$3 -> 0 | AI7: =AR7*$AI$3 -> 0 | AJ7: =AR7*$AJ$3 -> 0 | AK7: =AR7*$AK$3 -> 0 | AL7: 1250 | AM7: =C7*$AM$3*AG7 -> 50430 | AN7: =(D7*AG7)+AH7+AI7+AJ7+AK7+AL7+AM7 -> 1566094.4 | AO7: =AP7/AQ7 -> #DIV/0! | AP7: =AQ7-AN7 -> -1566094.4 | AQ7: =AR7/$O$4 -> 0 | AS7: =AR7/AG7 -> 0
A8: CROCKIE SUPER JET | B8: 25000 | C8: =B8*$C$4 -> 20500 | D8: =C8/$D$4 -> 18468.468 | E8: 1 | F8: =P8*$F$3 -> 4130 | G8: =P8*$G$3 -> 2800 | H8: =P8*$H$3 -> 1575 | I8: =P8*$I$3 -> 630 | J8: 1250 | K8: =C8*$K$3*E8 -> 1640 | L8: =(D8*E8)+F8+G8+H8+I8+J8+K8 -> 30493.468 | M8: =N8/O8 -> 0.032921429 | N8: =O8-L8 -> 1038.0631 | O8: =P8/$O$4 -> 31531.532 | P8: 35000 | Q8: =P8/E8 -> 35000 | S8: 4 | T8: =AD8*$T$3 -> 15678 | U8: =AD8*$U$3 -> 10720 | V8: =AD8*$V$3 -> 6030 | W8: =AD8*$W$3 -> 2412 | X8: 1250 | Y8: =C8*$Y$3*S8 -> 6560 | Z8: =(D8*S8)+T8+U8+V8+W8+X8+Y8 -> 116523.87 | AA8: =AB8/AC8 -> 0.034764925 | AB8: =AC8-Z8 -> 4196.8468 | AC8: =AD8/$O$4 -> 120720.72 | AD8: 134000 | AE8: =AD8/S8 -> 33500 | AG8: 100 | AH8: =AR8*$AH$3 -> 0 | AI8: =AR8*$AI$3 -> 0 | AJ8: =AR8*$AJ$3 -> 0 | AK8: =AR8*$AK$3 -> 0 | AL8: 1250 | AM8: =C8*$AM$3*AG8 -> 61500 | AN8: =(D8*AG8)+AH8+AI8+AJ8+AK8+AL8+AM8 -> 1909596.8 | AO8: =AP8/AQ8 -> #DIV/0! | AP8: =AQ8-AN8 -> -1909596.8 | AQ8: =AR8/$O$4 -> 0 | AS8: =AR8/AG8 -> 0
A9: CROCKIE IDEA | B9: 10000 | C9: =B9*$C$4 -> 8200 | D9: =C9/$D$4 -> 7387.3874 | E9: 1 | F9: =P9*$F$3 -> 1810.71 | G9: =P9*$G$3 -> 1227.6 | H9: =P9*$H$3 -> 690.525 | I9: =P9*$I$3 -> 276.21 | J9: 1250 | K9: =C9*$K$3*E9 -> 656 | L9: =(D9*E9)+F9+G9+H9+I9+J9+K9 -> 13298.432 | M9: =N9/O9 -> 0.038041059 | N9: =O9-L9 -> 525.89194 | O9: =P9/$O$4 -> 13824.324 | P9: 15345 | Q9: =P9/E9 -> 15345 | S9: 16 | T9: =AD9*$T$3 -> 24687 | U9: =AD9*$U$3 -> 16880 | V9: =AD9*$V$3 -> 9495 | W9: =AD9*$W$3 -> 3798 | X9: 1250 | Y9: =C9*$Y$3*S9 -> 10496 | Z9: =(D9*S9)+T9+U9+V9+W9+X9+Y9 -> 184804.2 | AA9: =AB9/AC9 -> 0.027807299 | AB9: =AC9-Z9 -> 5285.8919 | AC9: =AD9/$O$4 -> 190090.09 | AD9: 211000 | AE9: =AD9/S9 -> 13187.5 | AH9: =AR9*$AH$3 -> 0 | AI9: =AR9*$AI$3 -> 0 | AJ9: =AR9*$AJ$3 -> 0 | AK9: =AR9*$AK$3 -> 0 | AL9: 1250 | AM9: =C9*$AM$3*AG9 -> 0 | AN9: =(D9*AG9)+AH9+AI9+AJ9+AK9+AL9+AM9 -> 1250 | AO9: =AP9/AQ9 -> #DIV/0! | AP9: =AQ9-AN9 -> -1250 | AQ9: =AR9/$O$4 -> 0 | AS9: =AR9/AG9 -> #DIV/0!
A10: CROCKIE FLEXIE | B10: 15000 | C10: =B10*$C$4 -> 12300 | D10: =C10/$D$4 -> 11081.081 | E10: 1 | F10: =P10*$F$3 -> 2596 | G10: =P10*$G$3 -> 1760 | H10: =P10*$H$3 -> 990 | I10: =P10*$I$3 -> 396 | J10: 1250 | K10: =C10*$K$3*E10 -> 984 | L10: =(D10*E10)+F10+G10+H10+I10+J10+K10 -> 19057.081 | M10: =N10/O10 -> 0.038483636 | N10: =O10-L10 -> 762.73874 | O10: =P10/$O$4 -> 19819.82 | P10: 22000 | Q10: =P10/E10 -> 22000 | S10: 4 | T10: =AD10*$T$3 -> 9711 | U10: =AD10*$U$3 -> 6640 | V10: =AD10*$V$3 -> 3735 | W10: =AD10*$W$3 -> 1494 | X10: 1250 | Y10: =C10*$Y$3*S10 -> 3936 | Z10: =(D10*S10)+T10+U10+V10+W10+X10+Y10 -> 71090.324 | AA10: =AB10/AC10 -> 0.049273976 | AB10: =AC10-Z10 -> 3684.4504 | AC10: =AD10/$O$4 -> 74774.775 | AD10: 83000 | AE10: =AD10/S10 -> 20750 | AH10: =AR10*$AH$3 -> 0 | AI10: =AR10*$AI$3 -> 0 | AJ10: =AR10*$AJ$3 -> 0 | AK10: =AR10*$AK$3 -> 0 | AL10: 1250 | AM10: =C10*$AM$3*AG10 -> 0 | AN10: =(D10*AG10)+AH10+AI10+AJ10+AK10+AL10+AM10 -> 1250 | AO10: =AP10/AQ10 -> #DIV/0! | AP10: =AQ10-AN10 -> -1250 | AQ10: =AR10/$O$4 -> 0 | AS10: =AR10/AG10 -> #DIV/0!
A11: CROCKIE FLEXIE WINDPROOF | B11: 18000 | C11: =B11*$C$4 -> 14760 | D11: =C11/$D$4 -> 13297.297 | E11: 1 | F11: =P11*$F$3 -> 3026.7 | G11: =P11*$G$3 -> 2052 | H11: =P11*$H$3 -> 1154.25 | I11: =P11*$I$3 -> 461.7 | J11: 1250 | K11: =C11*$K$3*E11 -> 1180.8 | L11: =(D11*E11)+F11+G11+H11+I11+J11+K11 -> 22422.747 | M11: =N11/O11 -> 0.029658889 | N11: =O11-L11 -> 685.36081 | O11: =P11/$O$4 -> 23108.108 | P11: 25650 | Q11: =P11/E11 -> 25650 | T11: =AD11*$T$3 -> 0 | U11: =AD11*$U$3 -> 0 | V11: =AD11*$V$3 -> 0 | W11: =AD11*$W$3 -> 0 | X11: 1250 | Y11: =C11*$Y$3*S11 -> 0 | Z11: =(D11*S11)+T11+U11+V11+W11+X11+Y11 -> 1250 | AA11: =AB11/AC11 -> #DIV/0! | AB11: =AC11-Z11 -> -1250 | AC11: =AD11/$O$4 -> 0 | AE11: =AD11/S11 -> #DIV/0! | AH11: =AR11*$AH$3 -> 0 | AI11: =AR11*$AI$3 -> 0 | AJ11: =AR11*$AJ$3 -> 0 | AK11: =AR11*$AK$3 -> 0 | AL11: 1250 | AM11: =C11*$AM$3*AG11 -> 0 | AN11: =(D11*AG11)+AH11+AI11+AJ11+AK11+AL11+AM11 -> 1250 | AO11: =AP11/AQ11 -> #DIV/0! | AP11: =AQ11-AN11 -> -1250 | AQ11: =AR11/$O$4 -> 0 | AS11: =AR11/AG11 -> #DIV/0!
A12: CROCKIE POWER JET | B12: 73000 | C12: =B12*$C$4 -> 59860 | D12: =C12/$D$4 -> 53927.928 | E12: 1 | F12: =P12*$F$3 -> 11446 | G12: =P12*$G$3 -> 7760 | H12: =P12*$H$3 -> 4365 | I12: =P12*$I$3 -> 1746 | J12: 1250 | K12: =C12*$K$3*E12 -> 4788.8 | L12: =(D12*E12)+F12+G12+H12+I12+J12+K12 -> 85283.728 | M12: =N12/O12 -> 0.024072804 | N12: =O12-L12 -> 2103.6595 | O12: =P12/$O$4 -> 87387.387 | P12: 97000 | Q12: =P12/E12 -> 97000 | T12: =AD12*$T$3 -> 0 | U12: =AD12*$U$3 -> 0 | V12: =AD12*$V$3 -> 0 | W12: =AD12*$W$3 -> 0 | X12: 1250 | Y12: =C12*$Y$3*S12 -> 0 | Z12: =(D12*S12)+T12+U12+V12+W12+X12+Y12 -> 1250 | AA12: =AB12/AC12 -> #DIV/0! | AB12: =AC12-Z12 -> -1250 | AC12: =AD12/$O$4 -> 0 | AE12: =AD12/S12 -> #DIV/0! | AH12: =AR12*$AH$3 -> 0 | AI12: =AR12*$AI$3 -> 0 | AJ12: =AR12*$AJ$3 -> 0 | AK12: =AR12*$AK$3 -> 0 | AL12: 1250 | AM12: =C12*$AM$3*AG12 -> 0 | AN12: =(D12*AG12)+AH12+AI12+AJ12+AK12+AL12+AM12 -> 1250 | AO12: =AP12/AQ12 -> #DIV/0! | AP12: =AQ12-AN12 -> -1250 | AQ12: =AR12/$O$4 -> 0 | AS12: =AR12/AG12 -> #DIV/0!
A13: CROCKIE GAS BUTANE | B13: 5900 | C13: =B13*$C$4 -> 4838 | D13: =C13/$D$4 -> 4358.5586 | E13: 1 | F13: =P13*$F$3 -> 1239 | G13: =P13*$G$3 -> 840 | H13: =P13*$H$3 -> 472.5 | I13: =P13*$I$3 -> 189 | J13: 1250 | K13: =C13*$K$3*E13 -> 387.04 | L13: =(D13*E13)+F13+G13+H13+I13+J13+K13 -> 8736.0986 | M13: =N13/O13 -> 0.076469581 | N13: =O13-L13 -> 723.3609 | O13: =P13/$O$4 -> 9459.4595 | P13: 10500 | Q13: =P13/E13 -> 10500 | S13: 25 | T13: =AD13*$T$3 -> 22698 | U13: =AD13*$U$3 -> 15520 | V13: =AD13*$V$3 -> 8730 | W13: =AD13*$W$3 -> 3492 | X13: 1250 | Y13: =C13*$Y$3*S13 -> 9676 | Z13: =(D13*S13)+T13+U13+V13+W13+X13+Y13 -> 170329.96 | AA13: =AB13/AC13 -> 0.025431649 | AB13: =AC13-Z13 -> 4444.8108 | AC13: =AD13/$O$4 -> 174774.77 | AD13: 194000 | AE13: =AD13/S13 -> 7760 | AG13: 300 | AH13: =AR13*$AH$3 -> 258570 | AI13: =AR13*$AI$3 -> 176800 | AJ13: =AR13*$AJ$3 -> 99450 | AK13: =AR13*$AK$3 -> 39780 | AL13: 1250 | AM13: =C13*$AM$3*AG13 -> 43542 | AN13: =(D13*AG13)+AH13+AI13+AJ13+AK13+AL13+AM13 -> 1926959.6 | AO13: =AP13/AQ13 -> 0.032160579 | AP13: =AQ13-AN13 -> 64031.423 | AQ13: =AR13/$O$4 -> 1990991 | AR13: 2210000 | AS13: =AR13/AG13 -> 7366.6667
A14: CROCKIE MAGNET SUPER PLAIN WHITE | B14: 3500 | C14: =B14*$C$4 -> 2870 | D14: =C14/$D$4 -> 2585.5856 | E14: 5 | F14: =P14*$F$3 -> 3068 | G14: =P14*$G$3 -> 2080 | H14: =P14*$H$3 -> 1170 | I14: =P14*$I$3 -> 468 | J14: 1250 | K14: =C14*$K$3*E14 -> 1148 | L14: =(D14*E14)+F14+G14+H14+I14+J14+K14 -> 22111.928 | M14: =N14/O14 -> 0.055990769 | N14: =O14-L14 -> 1311.4955 | O14: =P14/$O$4 -> 23423.423 | P14: 26000 | Q14: =P14/E14 -> 5200 | T14: =AD14*$T$3 -> 0 | U14: =AD14*$U$3 -> 0 | V14: =AD14*$V$3 -> 0 | W14: =AD14*$W$3 -> 0 | X14: 1250 | Y14: =C14*$Y$3*S14 -> 0 | Z14: =(D14*S14)+T14+U14+V14+W14+X14+Y14 -> 1250 | AA14: =AB14/AC14 -> #DIV/0! | AB14: =AC14-Z14 -> -1250 | AC14: =AD14/$O$4 -> 0 | AE14: =AD14/S14 -> #DIV/0! | AG14: 500 | AH14: =AR14*$AH$3 -> 243418.5 | AI14: =AR14*$AI$3 -> 166440 | AJ14: =AR14*$AJ$3 -> 93622.5 | AK14: =AR14*$AK$3 -> 37449 | AL14: 1250 | AM14: =C14*$AM$3*AG14 -> 43050 | AN14: =(D14*AG14)+AH14+AI14+AJ14+AK14+AL14+AM14 -> 1878022.8 | AO14: =AP14/AQ14 -> -0.0010782478 | AP14: =AQ14-AN14 -> -2022.7928 | AQ14: 1876000 | AR14: 2080500 | AS14: =AR14/AG14 -> 4161
A15: CROCKIE MAGNET SUPER PLAIN BLACK | B15: 3500 | C15: =B15*$C$4 -> 2870 | D15: =C15/$D$4 -> 2585.5856 | E15: 3 | F15: =P15*$F$3 -> 1947 | G15: =P15*$G$3 -> 1320 | H15: =P15*$H$3 -> 742.5 | I15: =P15*$I$3 -> 297 | J15: 1250 | K15: =C15*$K$3*E15 -> 688.8 | L15: =(D15*E15)+F15+G15+H15+I15+J15+K15 -> 14002.057 | M15: =N15/O15 -> 0.058043455 | N15: =O15-L15 -> 862.80811 | O15: =P15/$O$4 -> 14864.865 | P15: 16500 | Q15: =P15/E15 -> 5500 | T15: =AD15*$T$3 -> 0 | U15: =AD15*$U$3 -> 0 | V15: =AD15*$V$3 -> 0 | W15: =AD15*$W$3 -> 0 | X15: 1250 | Y15: =C15*$Y$3*S15 -> 0 | Z15: =(D15*S15)+T15+U15+V15+W15+X15+Y15 -> 1250 | AA15: =AB15/AC15 -> #DIV/0! | AB15: =AC15-Z15 -> -1250 | AC15: =AD15/$O$4 -> 0 | AE15: =AD15/S15 -> #DIV/0! | AG15: 500 | AH15: =AR15*$AH$3 -> 255645 | AI15: =AR15*$AI$3 -> 174800 | AJ15: =AR15*$AJ$3 -> 98325 | AK15: =AR15*$AK$3 -> 39330 | AL15: 1250 | AM15: =C15*$AM$3*AG15 -> 43050 | AN15: =(D15*AG15)+AH15+AI15+AJ15+AK15+AL15+AM15 -> 1905192.8 | AO15: =AP15/AQ15 -> 0.032144622 | AP15: =AQ15-AN15 -> 63275.676 | AQ15: =AR15/$O$4 -> 1968468.5 | AR15: 2185000 | AS15: =AR15/AG15 -> 4370
A16: CROCKIE MAGNET CUSTOM PRINT UV | B16: =B15+2000 -> 5500 | C16: =B16*$C$4 -> 4510 | D16: =C16/$D$4 -> 4063.0631 | E16: 3 | F16: =P16*$F$3 -> 3221.4 | G16: =P16*$G$3 -> 2184 | H16: =P16*$H$3 -> 1228.5 | I16: =P16*$I$3 -> 491.4 | J16: 1250 | K16: =C16*$K$3*E16 -> 1082.4 | L16: =(D16*E16)+F16+G16+H16+I16+J16+K16 -> 21646.889 | M16: =N16/O16 -> 0.11985176 | N16: =O16-L16 -> 2947.7054 | O16: =P16/$O$4 -> 24594.595 | P16: 27300 | Q16: =P16/E16 -> 9100 | S16: 50 | T16: =AD16*$T$3 -> 0 | U16: =AD16*$U$3 -> 0 | V16: =AD16*$V$3 -> 0 | W16: =AD16*$W$3 -> 0 | X16: 1250 | Y16: =C16*$Y$3*S16 -> 18040 | Z16: =(D16*S16)+T16+U16+V16+W16+X16+Y16 -> 222443.15 | AA16: =AB16/AC16 -> #DIV/0! | AB16: =AC16-Z16 -> -222443.15 | AC16: =AD16/$O$4 -> 0 | AE16: =AD16/S16 -> 0 | AG16: 500 | AH16: =AR16*$AH$3 -> 0 | AI16: =AR16*$AI$3 -> 0 | AJ16: =AR16*$AJ$3 -> 0 | AK16: =AR16*$AK$3 -> 0 | AL16: 1250 | AM16: =C16*$AM$3*AG16 -> 67650 | AN16: =(D16*AG16)+AH16+AI16+AJ16+AK16+AL16+AM16 -> 2100431.5 | AO16: =AP16/AQ16 -> #DIV/0! | AP16: =AQ16-AN16 -> -2100431.5 | AQ16: =AR16/$O$4 -> 0 | AS16: =AR16/AG16 -> 0
A17: CROCKIE SERI FLAG | B17: =B5+500 -> 3850 | C17: =B17*$C$4 -> 3157 | D17: =C17/$D$4 -> 2844.1441 | E17: 5 | F17: =P17*$F$3 -> 3304 | G17: =P17*$G$3 -> 2240 | H17: =P17*$H$3 -> 1260 | I17: =P17*$I$3 -> 504 | J17: 1250 | K17: =C17*$K$3*E17 -> 1262.8 | L17: =(D17*E17)+F17+G17+H17+I17+J17+K17 -> 24041.521 | M17: =N17/O17 -> 0.046925429 | N17: =O17-L17 -> 1183.7045 | O17: =P17/$O$4 -> 25225.225 | P17: 28000 | Q17: =P17/E17 -> 5600 | S17: 50 | T17: =AD17*$T$3 -> 29536.65 | U17: =AD17*$U$3 -> 20196 | V17: =AD17*$V$3 -> 11360.25 | W17: =AD17*$W$3 -> 4544.1 | X17: 1250 | Y17: =C17*$Y$3*S17 -> 12628 | Z17: =(D17*S17)+T17+U17+V17+W17+X17+Y17 -> 221722.21 | AA17: =AB17/AC17 -> 0.025107348 | AB17: =AC17-Z17 -> 5710.2252 | AC17: =AD17/$O$4 -> 227432.43 | AD17: 252450 | AE17: =AD17/S17 -> 5049 | AG17: 500 | AH17: =AR17*$AH$3 -> 0 | AI17: =AR17*$AI$3 -> 0 | AJ17: =AR17*$AJ$3 -> 0 | AK17: =AR17*$AK$3 -> 0 | AL17: 1250 | AM17: =C17*$AM$3*AG17 -> 47355 | AN17: =(D17*AG17)+AH17+AI17+AJ17+AK17+AL17+AM17 -> 1470677.1 | AO17: =AP17/AQ17 -> #DIV/0! | AP17: =AQ17-AN17 -> -1470677.1 | AQ17: =AR17/$O$4 -> 0 | AS17: =AR17/AG17 -> 0
A18: CROCKIE SERIES | B18: =B5+1000 -> 4350 | C18: =B18*$C$4 -> 3567 | D18: =C18/$D$4 -> 3213.5135 | E18: 5 | F18: =P18*$F$3 -> 4649.2 | G18: =P18*$G$3 -> 3152 | H18: =P18*$H$3 -> 1773 | I18: =P18*$I$3 -> 709.2 | J18: 1250 | K18: =C18*$K$3*E18 -> 1426.8 | L18: =(D18*E18)+F18+G18+H18+I18+J18+K18 -> 29027.768 | M18: =N18/O18 -> 0.18221264 | N18: =O18-L18 -> 6467.7279 | O18: =P18/$O$4 -> 35495.495 | P18: 39400 | Q18: =P18/E18 -> 7880 | S18: 50 | T18: =AD18*$T$3 -> 33462 | U18: =AD18*$U$3 -> 22880 | V18: =AD18*$V$3 -> 12870 | W18: =AD18*$W$3 -> 5148 | X18: 1250 | Y18: =C18*$Y$3*S18 -> 14268 | Z18: =(D18*S18)+T18+U18+V18+W18+X18+Y18 -> 250553.68 | AA18: =AB18/AC18 -> 0.027571399 | AB18: =AC18-Z18 -> 7103.982 | AC18: =AD18/$O$4 -> 257657.66 | AD18: 286000 | AE18: =AD18/S18 -> 5720 | AG18: 500 | AH18: =AR18*$AH$3 -> 0 | AI18: =AR18*$AI$3 -> 0 | AJ18: =AR18*$AJ$3 -> 0 | AK18: =AR18*$AK$3 -> 0 | AL18: 1250 | AM18: =C18*$AM$3*AG18 -> 53505 | AN18: =(D18*AG18)+AH18+AI18+AJ18+AK18+AL18+AM18 -> 1661511.8 | AO18: =AP18/AQ18 -> #DIV/0! | AP18: =AQ18-AN18 -> -1661511.8 | AQ18: =AR18/$O$4 -> 0 | AS18: =AR18/AG18 -> 0
A19: CROCKIE JETFLIP | B19: 49000 | C19: =B19*$C$4 -> 40180 | D19: =C19/$D$4 -> 36198.198 | E19: 1 | F19: =P19*$F$3 -> 7906 | G19: =P19*$G$3 -> 5360 | H19: =P19*$H$3 -> 3015 | I19: =P19*$I$3 -> 1206 | J19: 1250 | K19: =C19*$K$3*E19 -> 3214.4 | L19: =(D19*E19)+F19+G19+H19+I19+J19+K19 -> 58149.598 | M19: =N19/O19 -> 0.03662606 | N19: =O19-L19 -> 2210.7622 | O19: =P19/$O$4 -> 60360.36 | P19: 67000 | Q19: =P19/E19 -> 67000 | T19: =AD19*$T$3 -> 0 | U19: =AD19*$U$3 -> 0 | V19: =AD19*$V$3 -> 0 | W19: =AD19*$W$3 -> 0 | X19: 1250 | Y19: =C19*$Y$3*S19 -> 0 | Z19: =(D19*S19)+T19+U19+V19+W19+X19+Y19 -> 1250 | AA19: =AB19/AC19 -> #DIV/0! | AB19: =AC19-Z19 -> -1250 | AC19: =AD19/$O$4 -> 0 | AE19: =AD19/S19 -> #DIV/0! | AH19: =AR19*$AH$3 -> 0 | AI19: =AR19*$AI$3 -> 0 | AJ19: =AR19*$AJ$3 -> 0 | AK19: =AR19*$AK$3 -> 0 | AL19: 1250 | AM19: =C19*$AM$3*AG19 -> 0 | AN19: =(D19*AG19)+AH19+AI19+AJ19+AK19+AL19+AM19 -> 1250 | AO19: =AP19/AQ19 -> #DIV/0! | AP19: =AQ19-AN19 -> -1250 | AQ19: =AR19/$O$4 -> 0 | AS19: =AR19/AG19 -> #DIV/0!
A20: CROCKIE JETFLIP + CUSTOM | B20: =B19+2000 -> 51000 | C20: =B20*$C$4 -> 41820 | D20: =C20/$D$4 -> 37675.676 | E20: 1 | F20: =P20*$F$3 -> 8024 | G20: =P20*$G$3 -> 5440 | H20: =P20*$H$3 -> 3060 | I20: =P20*$I$3 -> 1224 | J20: 1250 | K20: =C20*$K$3*E20 -> 3345.6 | L20: =(D20*E20)+F20+G20+H20+I20+J20+K20 -> 60019.276 | M20: =N20/O20 -> 0.020273588 | N20: =O20-L20 -> 1241.9856 | O20: =P20/$O$4 -> 61261.261 | P20: 68000 | Q20: =Q19-16290 -> 50710
A21: PAKET BUNDLING CROCKIE | AH21: - | AM21: - | AN21: - | AO21: #DIV/0! | AP21: - | AQ21: - | AU21: - | AW21: - | AX21: - | AY21: #DIV/0! | AZ21: - | BA21: -
A22: C. BARA T. 5PCS + GAS B. 1PCS | B22: =B7*5+B13 -> 26400 | C22: =B22*$C$4 -> 21648 | D22: =C22/$D$4 -> 19502.703 | E22: 1 | F22: =P22*$F$3 -> 4248 | G22: =P22*$G$3 -> 2880 | H22: =P22*$H$3 -> 1620 | I22: =P22*$I$3 -> 648 | J22: 1250 | K22: =C22*$K$3*E22 -> 1731.84 | L22: =(D22*E22)+F22+G22+H22+I22+J22+K22 -> 31880.543 | M22: =N22/O22 -> 0.0170166 | N22: =O22-L22 -> 551.88973 | O22: =P22/$O$4 -> 32432.432 | P22: 36000 | Q22: =P22/E22 -> 36000 | T22: =AD22*$T$3 -> 0 | U22: =AD22*$U$3 -> 0 | V22: =AD22*$V$3 -> 0 | W22: =AD22*$W$3 -> 0 | X22: 1250 | Y22: =C22*$Y$3*S22 -> 0 | Z22: =(D22*S22)+T22+U22+V22+W22+X22+Y22 -> 1250 | AA22: =AB22/AC22 -> #DIV/0! | AB22: =AC22-Z22 -> -1250 | AC22: =AD22/$O$4 -> 0 | AE22: =AD22/S22 -> #DIV/0! | AH22: =AR22*$AH$3 -> 0 | AI22: =AR22*$AI$3 -> 0 | AJ22: =AR22*$AJ$3 -> 0 | AK22: =AR22*$AK$3 -> 0 | AL22: 1250 | AM22: =AF22*$AM$3 -> 0 | AN22: =(R22*AG22)+AH22+AI22+AJ22+AK22+AL22+AM22 -> 1250 | AO22: =AP22/AQ22 -> #DIV/0! | AP22: =AQ22-AN22 -> -1250 | AQ22: =AR22/$O$4 -> 0 | AS22: =AR22/AG22 -> #DIV/0!
A23: C. BARA T. 5PCS + GAS B. 2PCS | B23: =B7*5+B13*2 -> 32300 | C23: =B23*$C$4 -> 26486 | D23: =C23/$D$4 -> 23861.261 | E23: 1 | F23: =P23*$F$3 -> 5192 | G23: =P23*$G$3 -> 3520 | H23: =P23*$H$3 -> 1980 | I23: =P23*$I$3 -> 792 | J23: 1250 | K23: =C23*$K$3*E23 -> 2118.88 | L23: =(D23*E23)+F23+G23+H23+I23+J23+K23 -> 38714.141 | M23: =N23/O23 -> 0.0233478 | N23: =O23-L23 -> 925.49838 | O23: =P23/$O$4 -> 39639.64 | P23: 44000 | Q23: =P23/E23 -> 44000 | T23: =AD23*$T$3 -> 0 | U23: =AD23*$U$3 -> 0 | V23: =AD23*$V$3 -> 0 | W23: =AD23*$W$3 -> 0 | X23: 1250 | Y23: =C23*$Y$3*S23 -> 0 | Z23: =(D23*S23)+T23+U23+V23+W23+X23+Y23 -> 1250 | AA23: =AB23/AC23 -> #DIV/0! | AB23: =AC23-Z23 -> -1250 | AC23: =AD23/$O$4 -> 0 | AE23: =AD23/S23 -> #DIV/0! | AH23: =AR23*$AH$3 -> 0 | AI23: =AR23*$AI$3 -> 0 | AJ23: =AR23*$AJ$3 -> 0 | AK23: =AR23*$AK$3 -> 0 | AL23: 1250 | AM23: =AF23*$AM$3 -> 0 | AN23: =(R23*AG23)+AH23+AI23+AJ23+AK23+AL23+AM23 -> 1250 | AO23: =AP23/AQ23 -> #DIV/0! | AP23: =AQ23-AN23 -> -1250 | AQ23: =AR23/$O$4 -> 0 | AS23: =AR23/AG23 -> #DIV/0!
A24: C. SUPERJET 1PCS + GAS B. 1PCS | B24: =B8+B13 -> 30900 | C24: =B24*$C$4 -> 25338 | D24: =C24/$D$4 -> 22827.027 | E24: 1 | F24: =P24*$F$3 -> 5015 | G24: =P24*$G$3 -> 3400 | H24: =P24*$H$3 -> 1912.5 | I24: =P24*$I$3 -> 765 | J24: 1250 | K24: =C24*$K$3*E24 -> 2027.04 | L24: =(D24*E24)+F24+G24+H24+I24+J24+K24 -> 37196.567 | M24: =N24/O24 -> 0.028513191 | N24: =O24-L24 -> 1091.7213 | O24: =P24/$O$4 -> 38288.288 | P24: 42500 | Q24: =P24/E24 -> 42500 | T24: =AD24*$T$3 -> 0 | U24: =AD24*$U$3 -> 0 | V24: =AD24*$V$3 -> 0 | W24: =AD24*$W$3 -> 0 | X24: 1250 | Y24: =C24*$Y$3*S24 -> 0 | Z24: =(D24*S24)+T24+U24+V24+W24+X24+Y24 -> 1250 | AA24: =AB24/AC24 -> #DIV/0! | AB24: =AC24-Z24 -> -1250 | AC24: =AD24/$O$4 -> 0 | AE24: =AD24/S24 -> #DIV/0! | AH24: =AR24*$AH$3 -> 0 | AI24: =AR24*$AI$3 -> 0 | AJ24: =AR24*$AJ$3 -> 0 | AK24: =AR24*$AK$3 -> 0 | AL24: 1250 | AM24: =AF24*$AM$3 -> 0 | AN24: =(R24*AG24)+AH24+AI24+AJ24+AK24+AL24+AM24 -> 1250 | AO24: =AP24/AQ24 -> #DIV/0! | AP24: =AQ24-AN24 -> -1250 | AQ24: =AR24/$O$4 -> 0 | AS24: =AR24/AG24 -> #DIV/0!
A25: C. SUPERJET 2PCS + GAS B. 2PCS | B25: =B8*2+B13*2 -> 61800 | C25: =B25*$C$4 -> 50676 | D25: =C25/$D$4 -> 45654.054 | E25: 1 | F25: =P25*$F$3 -> 9794 | G25: =P25*$G$3 -> 6640 | H25: =P25*$H$3 -> 3735 | I25: =P25*$I$3 -> 1494 | J25: 1250 | K25: =C25*$K$3*E25 -> 4054.08 | L25: =(D25*E25)+F25+G25+H25+I25+J25+K25 -> 72621.134 | M25: =N25/O25 -> 0.028801701 | N25: =O25-L25 -> 2153.6407 | O25: =P25/$O$4 -> 74774.775 | P25: 83000 | Q25: =P25/E25 -> 83000 | T25: =AD25*$T$3 -> 0 | U25: =AD25*$U$3 -> 0 | V25: =AD25*$V$3 -> 0 | W25: =AD25*$W$3 -> 0 | X25: 1250 | Y25: =C25*$Y$3*S25 -> 0 | Z25: =(D25*S25)+T25+U25+V25+W25+X25+Y25 -> 1250
A26: C. SUPERJET 4PCS + GAS B. 1PCS | B26: =B8*4+B13 -> 105900 | C26: =B26*$C$4 -> 86838 | D26: =C26/$D$4 -> 78232.432 | E26: 1 | F26: =P26*$F$3 -> 16520 | G26: =P26*$G$3 -> 11200 | H26: =P26*$H$3 -> 6300 | I26: =P26*$I$3 -> 2520 | J26: 1250 | K26: =C26*$K$3*E26 -> 6947.04 | L26: =(D26*E26)+F26+G26+H26+I26+J26+K26 -> 122969.47 | M26: =N26/O26 -> 0.025027754 | N26: =O26-L26 -> 3156.6537 | O26: =P26/$O$4 -> 126126.13 | P26: 140000 | Q26: =P26/E26 -> 140000 | T26: =AD26*$T$3 -> 0 | U26: =AD26*$U$3 -> 0 | V26: =AD26*$V$3 -> 0 | W26: =AD26*$W$3 -> 0 | X26: 1250 | Y26: =C26*$Y$3*S26 -> 0 | Z26: =(D26*S26)+T26+U26+V26+W26+X26+Y26 -> 1250
A27: C. SUPERJET 4PCS + GAS B. 2PCS | B27: =B8*4+B13*2 -> 111800 | C27: =B27*$C$4 -> 91676 | D27: =C27/$D$4 -> 82590.991 | E27: 1 | F27: =P27*$F$3 -> 17405 | G27: =P27*$G$3 -> 11800 | H27: =P27*$H$3 -> 6637.5 | I27: =P27*$I$3 -> 2655 | J27: 1250 | K27: =C27*$K$3*E27 -> 7334.08 | L27: =(D27*E27)+F27+G27+H27+I27+J27+K27 -> 129672.57 | M27: =N27/O27 -> 0.024158957 | N27: =O27-L27 -> 3210.3119 | O27: =P27/$O$4 -> 132882.88 | P27: 147500 | Q27: =P27/E27 -> 147500 | T27: =AD27*$T$3 -> 0 | U27: =AD27*$U$3 -> 0 | V27: =AD27*$V$3 -> 0 | W27: =AD27*$W$3 -> 0 | X27: 1250 | Y27: =C27*$Y$3*S27 -> 0 | Z27: =(D27*S27)+T27+U27+V27+W27+X27+Y27 -> 1250
F28: =P28*$F$3 -> 0 | G28: =P28*$G$3 -> 0 | H28: =P28*$H$3 -> 0 | I28: =P28*$I$3 -> 0 | J28: 1250 | K28: =C28*$K$3*E28 -> 0 | L28: =(D28*E28)+F28+G28+H28+I28+J28+K28 -> 1250 | T28: =AD28*$T$3 -> 0 | U28: =AD28*$U$3 -> 0 | V28: =AD28*$V$3 -> 0 | W28: =AD28*$W$3 -> 0 | X28: 1250 | Y28: =C28*$Y$3*S28 -> 0 | Z28: =(D28*S28)+T28+U28+V28+W28+X28+Y28 -> 1250
A29: POWERJET 1PCS + GAS B. 1PCS | B29: =B12+B13 -> 78900 | C29: =B29*$C$4 -> 64698 | D29: =C29/$D$4 -> 58286.486 | E29: 1 | F29: =P29*$F$3 -> 12390 | G29: =P29*$G$3 -> 8400 | H29: =P29*$H$3 -> 4725 | I29: =P29*$I$3 -> 1890 | J29: 1250 | K29: =C29*$K$3*E29 -> 5175.84 | L29: =(D29*E29)+F29+G29+H29+I29+J29+K29 -> 92117.326 | M29: =N29/O29 -> 0.026188263 | N29: =O29-L29 -> 2477.2681 | O29: =P29/$O$4 -> 94594.595 | P29: 105000 | Q29: =P29/E29 -> 105000 | T29: =AD29*$T$3 -> 0 | U29: =AD29*$U$3 -> 0 | V29: =AD29*$V$3 -> 0 | W29: =AD29*$W$3 -> 0 | X29: 1250 | Y29: =C29*$Y$3*S29 -> 0 | Z29: =(D29*S29)+T29+U29+V29+W29+X29+Y29 -> 1250 | AA29: =AB29/AC29 -> #DIV/0! | AB29: =AC29-Z29 -> -1250 | AC29: =AD29/$O$4 -> 0 | AE29: =AD29/S29 -> #DIV/0! | AH29: =AR29*$AH$3 -> 0 | AI29: =AR29*$AI$3 -> 0 | AJ29: =AR29*$AJ$3 -> 0 | AK29: =AR29*$AK$3 -> 0 | AL29: 1250 | AM29: =AF29*$AM$3 -> 0 | AN29: =(R29*AG29)+AH29+AI29+AJ29+AK29+AL29+AM29 -> 1250 | AO29: =AP29/AQ29 -> #DIV/0! | AP29: =AQ29-AN29 -> -1250 | AQ29: =AR29/$O$4 -> 0 | AS29: =AR29/AG29 -> #DIV/0!
A30: POWERJET 2PCS + GAS B. 2PCS | B30: =B12*2+B13*2 -> 157800 | C30: =B30*$C$4 -> 129396 | D30: =C30/$D$4 -> 116572.97 | E30: 1 | F30: =P30*$F$3 -> 24414.2 | G30: =P30*$G$3 -> 16552 | H30: =P30*$H$3 -> 9310.5 | I30: =P30*$I$3 -> 3724.2 | J30: 1250 | K30: =C30*$K$3*E30 -> 10351.68 | L30: =(D30*E30)+F30+G30+H30+I30+J30+K30 -> 182175.55 | M30: =N30/O30 -> 0.022644448 | N30: =O30-L30 -> 4220.8434 | O30: =P30/$O$4 -> 186396.4 | P30: 206900 | Q30: =P30/E30 -> 206900 | T30: =AD30*$T$3 -> 0 | U30: =AD30*$U$3 -> 0 | V30: =AD30*$V$3 -> 0 | W30: =AD30*$W$3 -> 0 | X30: 1250 | Y30: =C30*$Y$3*S30 -> 0 | Z30: =(D30*S30)+T30+U30+V30+W30+X30+Y30 -> 1250 | AA30: =AB30/AC30 -> #DIV/0! | AB30: =AC30-Z30 -> -1250 | AC30: =AD30/$O$4 -> 0 | AE30: =AD30/S30 -> #DIV/0! | AH30: =AR30*$AH$3 -> 0 | AI30: =AR30*$AI$3 -> 0 | AJ30: =AR30*$AJ$3 -> 0 | AK30: =AR30*$AK$3 -> 0 | AL30: 1250 | AM30: =AF30*$AM$3 -> 0 | AN30: =(R30*AG30)+AH30+AI30+AJ30+AK30+AL30+AM30 -> 1250 | AO30: =AP30/AQ30 -> #DIV/0! | AP30: =AQ30-AN30 -> -1250 | AQ30: =AR30/$O$4 -> 0 | AS30: =AR30/AG30 -> #DIV/0!
A31: IDEA 1PCS + GAS B 1PCS | B31: =B9+B13 -> 15900 | C31: =B31*$C$4 -> 13038 | D31: =C31/$D$4 -> 11745.946 | E31: 1 | F31: =P31*$F$3 -> 2773 | G31: =P31*$G$3 -> 1880 | H31: =P31*$H$3 -> 1057.5 | I31: =P31*$I$3 -> 423 | J31: 1250 | K31: =C31*$K$3*E31 -> 1043.04 | L31: =(D31*E31)+F31+G31+H31+I31+J31+K31 -> 20172.486 | M31: =N31/O31 -> 0.04717194 | N31: =O31-L31 -> 998.68523 | O31: =P31/$O$4 -> 21171.171 | P31: 23500 | Q31: =P31/E31 -> 23500 | T31: =AD31*$T$3 -> 0 | U31: =AD31*$U$3 -> 0 | V31: =AD31*$V$3 -> 0 | W31: =AD31*$W$3 -> 0 | X31: 1250 | Y31: =C31*$Y$3*S31 -> 0 | Z31: =(D31*S31)+T31+U31+V31+W31+X31+Y31 -> 1250 | AA31: =AB31/AC31 -> #DIV/0! | AB31: =AC31-Z31 -> -1250 | AC31: =AD31/$O$4 -> 0 | AE31: =AD31/S31 -> #DIV/0! | AH31: =AR31*$AH$3 -> 0 | AI31: =AR31*$AI$3 -> 0 | AJ31: =AR31*$AJ$3 -> 0 | AK31: =AR31*$AK$3 -> 0 | AL31: 1250 | AM31: =AF31*$AM$3 -> 0 | AN31: =(R31*AG31)+AH31+AI31+AJ31+AK31+AL31+AM31 -> 1250 | AO31: =AP31/AQ31 -> #DIV/0! | AP31: =AQ31-AN31 -> -1250 | AQ31: =AR31/$O$4 -> 0 | AS31: =AR31/AG31 -> #DIV/0!
A32: IDEA 2PCS + GAS 2PCS | B32: =B9*2+B13*2 -> 31800 | C32: =B32*$C$4 -> 26076 | D32: =C32/$D$4 -> 23491.892 | E32: 1 | F32: =P32*$F$3 -> 5256.9 | G32: =P32*$G$3 -> 3564 | H32: =P32*$H$3 -> 2004.75 | I32: =P32*$I$3 -> 801.9 | J32: 1250 | K32: =C32*$K$3*E32 -> 2086.08 | L32: =(D32*E32)+F32+G32+H32+I32+J32+K32 -> 38455.522 | M32: =N32/O32 -> 0.041848949 | N32: =O32-L32 -> 1679.6132 | O32: =P32/$O$4 -> 40135.135 | P32: 44550 | Q32: =P32/E32 -> 44550 | T32: =AD32*$T$3 -> 0 | U32: =AD32*$U$3 -> 0 | V32: =AD32*$V$3 -> 0 | W32: =AD32*$W$3 -> 0 | X32: 1250 | Y32: =C32*$Y$3*S32 -> 0 | Z32: =(D32*S32)+T32+U32+V32+W32+X32+Y32 -> 1250 | AA32: =AB32/AC32 -> #DIV/0! | AB32: =AC32-Z32 -> -1250 | AC32: =AD32/$O$4 -> 0 | AE32: =AD32/S32 -> #DIV/0! | AH32: =AR32*$AH$3 -> 0 | AI32: =AR32*$AI$3 -> 0 | AJ32: =AR32*$AJ$3 -> 0 | AK32: =AR32*$AK$3 -> 0 | AL32: 1250 | AM32: =AF32*$AM$3 -> 0 | AN32: =(R32*AG32)+AH32+AI32+AJ32+AK32+AL32+AM32 -> 1250 | AO32: =AP32/AQ32 -> #DIV/0! | AP32: =AQ32-AN32 -> -1250 | AQ32: =AR32/$O$4 -> 0 | AS32: =AR32/AG32 -> #DIV/0!
A33: C. FLEXIE 1PCS + GAS B. 1PCS | C33: =B33*$C$4 -> 0 | D33: =C33/$D$4 -> 0 | F33: =P33*$F$3 -> 0 | G33: =P33*$G$3 -> 0 | H33: =P33*$H$3 -> 0 | I33: =P33*$I$3 -> 0 | J33: 1250 | K33: =C33*$K$3*E33 -> 0 | L33: =(D33*E33)+F33+G33+H33+I33+J33+K33 -> 1250 | T33: =AD33*$T$3 -> 0 | U33: =AD33*$U$3 -> 0 | V33: =AD33*$V$3 -> 0 | W33: =AD33*$W$3 -> 0 | X33: 1250 | Y33: =C33*$Y$3*S33 -> 0 | Z33: =(D33*S33)+T33+U33+V33+W33+X33+Y33 -> 1250
A34: C. FLEXIE W. 1PCS + GAS B. 1PCS | B34: =B11+B13 -> 23900 | C34: =B34*$C$4 -> 19598 | D34: =C34/$D$4 -> 17655.856 | E34: 1 | F34: =P34*$F$3 -> 3953 | G34: =P34*$G$3 -> 2680 | H34: =P34*$H$3 -> 1507.5 | I34: =P34*$I$3 -> 603 | J34: 1250 | K34: =C34*$K$3*E34 -> 1567.84 | L34: =(D34*E34)+F34+G34+H34+I34+J34+K34 -> 29217.196 | M34: =N34/O34 -> 0.031907839 | N34: =O34-L34 -> 962.98432 | O34: =P34/$O$4 -> 30180.18 | P34: 33500 | Q34: =P34/E34 -> 33500 | T34: =AD34*$T$3 -> 0 | U34: =AD34*$U$3 -> 0 | V34: =AD34*$V$3 -> 0 | W34: =AD34*$W$3 -> 0 | X34: 1250 | Y34: =C34*$Y$3*S34 -> 0 | Z34: =(D34*S34)+T34+U34+V34+W34+X34+Y34 -> 1250 | AA34: =AB34/AC34 -> #DIV/0! | AB34: =AC34-Z34 -> -1250 | AC34: =AD34/$O$4 -> 0 | AE34: =AD34/S34 -> #DIV/0! | AH34: =AR34*$AH$3 -> 0 | AI34: =AR34*$AI$3 -> 0 | AJ34: =AR34*$AJ$3 -> 0 | AK34: =AR34*$AK$3 -> 0 | AL34: 1250 | AM34: =AF34*$AM$3 -> 0 | AN34: =(R34*AG34)+AH34+AI34+AJ34+AK34+AL34+AM34 -> 1250 | AO34: =AP34/AQ34 -> #DIV/0! | AP34: =AQ34-AN34 -> -1250 | AQ34: =AR34/$O$4 -> 0 | AS34: =AR34/AG34 -> #DIV/0!
A35: C. FLEXIE W. 2PCS + GAS B. 2PCS | B35: =B11*2+B13*2 -> 47800 | C35: =B35*$C$4 -> 39196 | D35: =C35/$D$4 -> 35311.712 | E35: 1 | F35: =P35*$F$3 -> 7534.89 | G35: =P35*$G$3 -> 5108.4 | H35: =P35*$H$3 -> 2873.475 | I35: =P35*$I$3 -> 1149.39 | J35: 1250 | K35: =C35*$K$3*E35 -> 3135.68 | L35: =(D35*E35)+F35+G35+H35+I35+J35+K35 -> 56363.547 | M35: =N35/O35 -> 0.020224934 | N35: =O35-L35 -> 1163.4803 | O35: =P35/$O$4 -> 57527.027 | P35: 63855 | Q35: =P35/E35 -> 63855 | T35: =AD35*$T$3 -> 0 | U35: =AD35*$U$3 -> 0 | V35: =AD35*$V$3 -> 0 | W35: =AD35*$W$3 -> 0 | X35: 1250 | Y35: =C35*$Y$3*S35 -> 0 | Z35: =(D35*S35)+T35+U35+V35+W35+X35+Y35 -> 1250 | AA35: =AB35/AC35 -> #DIV/0! | AB35: =AC35-Z35 -> -1250 | AC35: =AD35/$O$4 -> 0 | AE35: =AD35/S35 -> #DIV/0! | AH35: =AR35*$AH$3 -> 0 | AI35: =AR35*$AI$3 -> 0 | AJ35: =AR35*$AJ$3 -> 0 | AK35: =AR35*$AK$3 -> 0 | AL35: 1250 | AM35: =AF35*$AM$3 -> 0 | AN35: =(R35*AG35)+AH35+AI35+AJ35+AK35+AL35+AM35 -> 1250 | AO35: =AP35/AQ35 -> #DIV/0! | AP35: =AQ35-AN35 -> -1250 | AQ35: =AR35/$O$4 -> 0 | AS35: =AR35/AG35 -> #DIV/0!
A36: JETFLIP 1PCS + GAS B. 1PCS | B36: =B19+B13 -> 54900 | C36: =B36*$C$4 -> 45018 | D36: =C36/$D$4 -> 40556.757 | E36: 1 | F36: =P36*$F$3 -> 8673 | G36: =P36*$G$3 -> 5880 | H36: =P36*$H$3 -> 3307.5 | I36: =P36*$I$3 -> 1323 | J36: 1250 | K36: =C36*$K$3*E36 -> 3601.44 | L36: =(D36*E36)+F36+G36+H36+I36+J36+K36 -> 64591.697 | M36: =N36/O36 -> 0.024533559 | N36: =O36-L36 -> 1624.5195 | O36: =P36/$O$4 -> 66216.216 | P36: 73500 | Q36: =P36/E36 -> 73500 | T36: =AD36*$T$3 -> 0 | U36: =AD36*$U$3 -> 0 | V36: =AD36*$V$3 -> 0 | W36: =AD36*$W$3 -> 0 | X36: 1250 | Y36: =C36*$Y$3*S36 -> 0 | Z36: =(D36*S36)+T36+U36+V36+W36+X36+Y36 -> 1250 | AA36: =AB36/AC36 -> #DIV/0! | AB36: =AC36-Z36 -> -1250 | AC36: =AD36/$O$4 -> 0 | AE36: =AD36/S36 -> #DIV/0! | AH36: =AR36*$AH$3 -> 0 | AI36: =AR36*$AI$3 -> 0 | AJ36: =AR36*$AJ$3 -> 0 | AK36: =AR36*$AK$3 -> 0 | AL36: 1250 | AM36: =AF36*$AM$3 -> 0 | AN36: =(R36*AG36)+AH36+AI36+AJ36+AK36+AL36+AM36 -> 1250 | AO36: =AP36/AQ36 -> #DIV/0! | AP36: =AQ36-AN36 -> -1250 | AQ36: =AR36/$O$4 -> 0 | AS36: =AR36/AG36 -> #DIV/0!
A37: CASE ORIGINAL | B37: 2500 | C37: =B37 -> 2500 | D37: =C37/$D$4 -> 2252.2523 | E37: 1 | F37: =P37*$F$3 -> 755.2 | G37: =P37*$G$3 -> 512 | H37: =P37*$H$3 -> 288 | I37: =P37*$I$3 -> 115.2 | J37: 1250 | K37: =C37*$K$3*E37 -> 200 | L37: =(D37*E37)+F37+G37+H37+I37+J37+K37 -> 5372.6523 | M37: =N37/O37 -> 0.068180625 | N37: =O37-L37 -> 393.11351 | O37: =P37/$O$4 -> 5765.7658 | P37: 6400 | Q37: =P37/E37 -> 6400 | T37: =AD37*$T$3 -> 0 | U37: =AD37*$U$3 -> 0 | V37: =AD37*$V$3 -> 0 | W37: =AD37*$W$3 -> 0 | X37: 1250 | Y37: =C37*$Y$3*S37 -> 0 | Z37: =(D37*S37)+T37+U37+V37+W37+X37+Y37 -> 1250 | AA37: =AB37/AC37 -> #DIV/0! | AB37: =AC37-Z37 -> -1250 | AC37: =AD37/$O$4 -> 0 | AE37: =AD37/S37 -> #DIV/0! | AH37: =AR37*$AH$3 -> 0 | AI37: =AR37*$AI$3 -> 0 | AJ37: =AR37*$AJ$3 -> 0 | AK37: =AR37*$AK$3 -> 0 | AL37: 1250 | AM37: =AF37*$AM$3 -> 0 | AN37: =(R37*AG37)+AH37+AI37+AJ37+AK37+AL37+AM37 -> 1250 | AO37: =AP37/AQ37 -> #DIV/0! | AP37: =AQ37-AN37 -> -1250 | AQ37: =AR37/$O$4 -> 0 | AS37: =AR37/AG37 -> #DIV/0!
A38: CROCKIE ORIGINAL + CASE | B38: =B5+B37 -> 5850 | C38: =B38*$C$4 -> 4797 | D38: =C38/$D$4 -> 4321.6216 | E38: 1 | F38: =P38*$F$3 -> 1168.2 | G38: =P38*$G$3 -> 792 | H38: =P38*$H$3 -> 445.5 | I38: =P38*$I$3 -> 178.2 | J38: 1250 | K38: =C38*$K$3*E38 -> 383.76 | L38: =(D38*E38)+F38+G38+H38+I38+J38+K38 -> 8539.2816 | M38: =N38/O38 -> 0.042565394 | N38: =O38-L38 -> 379.6373 | O38: =P38/$O$4 -> 8918.9189 | P38: 9900 | Q38: =P38/E38 -> 9900 | T38: =AD38*$T$3 -> 0 | U38: =AD38*$U$3 -> 0 | V38: =AD38*$V$3 -> 0 | W38: =AD38*$W$3 -> 0 | X38: 1250 | Y38: =C38*$Y$3*S38 -> 0 | Z38: =(D38*S38)+T38+U38+V38+W38+X38+Y38 -> 1250 | AA38: =AB38/AC38 -> #DIV/0! | AB38: =AC38-Z38 -> -1250 | AC38: =AD38/$O$4 -> 0 | AE38: =AD38/S38 -> #DIV/0! | AH38: =AR38*$AH$3 -> 0 | AI38: =AR38*$AI$3 -> 0 | AJ38: =AR38*$AJ$3 -> 0 | AK38: =AR38*$AK$3 -> 0 | AL38: 1250 | AM38: =AF38*$AM$3 -> 0 | AN38: =(R38*AG38)+AH38+AI38+AJ38+AK38+AL38+AM38 -> 1250 | AO38: =AP38/AQ38 -> #DIV/0! | AP38: =AQ38-AN38 -> -1250 | AQ38: =AR38/$O$4 -> 0 | AS38: =AR38/AG38 -> #DIV/0!
A39: CROCKIE ORIGINAL 5 + CASE | B39: =B5*5+B37 -> 19250 | C39: =B39*$C$4 -> 15785 | D39: =C39/$D$4 -> 14220.721 | E39: 1 | F39: =P39*$F$3 -> 3658 | G39: =P39*$G$3 -> 2480 | H39: =P39*$H$3 -> 1395 | I39: =P39*$I$3 -> 558 | J39: 1250 | K39: =C39*$K$3*E39 -> 1262.8 | L39: =(D39*E39)+F39+G39+H39+I39+J39+K39 -> 24824.521 | M39: =N39/O39 -> 0.111122 | N39: =O39-L39 -> 3103.4072 | O39: =P39/$O$4 -> 27927.928 | P39: 31000 | Q39: =P39/E39 -> 31000 | T39: =AD39*$T$3 -> 0 | U39: =AD39*$U$3 -> 0 | V39: =AD39*$V$3 -> 0 | W39: =AD39*$W$3 -> 0 | X39: 1250 | Y39: =C39*$Y$3*S39 -> 0 | Z39: =(D39*S39)+T39+U39+V39+W39+X39+Y39 -> 1250 | AA39: =AB39/AC39 -> #DIV/0! | AB39: =AC39-Z39 -> -1250 | AC39: =AD39/$O$4 -> 0 | AE39: =AD39/S39 -> #DIV/0! | AH39: =AR39*$AH$3 -> 0 | AI39: =AR39*$AI$3 -> 0 | AJ39: =AR39*$AJ$3 -> 0 | AK39: =AR39*$AK$3 -> 0 | AL39: 1250 | AM39: =AF39*$AM$3 -> 0 | AN39: =(R39*AG39)+AH39+AI39+AJ39+AK39+AL39+AM39 -> 1250 | AO39: =AP39/AQ39 -> #DIV/0! | AP39: =AQ39-AN39 -> -1250 | AQ39: =AR39/$O$4 -> 0 | AS39: =AR39/AG39 -> #DIV/0!
A40: CASE BARA | B40: 3000 | C40: =B40 -> 3000 | D40: =C40/$D$4 -> 2702.7027 | E40: 1 | F40: =P40*$F$3 -> 873.2 | G40: =P40*$G$3 -> 592 | H40: =P40*$H$3 -> 333 | I40: =P40*$I$3 -> 133.2 | J40: 1250 | K40: =C40*$K$3*E40 -> 240 | L40: =(D40*E40)+F40+G40+H40+I40+J40+K40 -> 6124.1027 | M40: =N40/O40 -> 0.081384595 | N40: =O40-L40 -> 542.56396 | O40: =P40/$O$4 -> 6666.6667 | P40: 7400 | Q40: =P40/E40 -> 7400 | T40: =AD40*$T$3 -> 0 | U40: =AD40*$U$3 -> 0 | V40: =AD40*$V$3 -> 0 | W40: =AD40*$W$3 -> 0 | X40: 1250 | Y40: =C40*$Y$3*S40 -> 0 | Z40: =(D40*S40)+T40+U40+V40+W40+X40+Y40 -> 1250 | AA40: =AB40/AC40 -> #DIV/0! | AB40: =AC40-Z40 -> -1250 | AC40: =AD40/$O$4 -> 0 | AE40: =AD40/S40 -> #DIV/0! | AH40: =AR40*$AH$3 -> 0 | AI40: =AR40*$AI$3 -> 0 | AJ40: =AR40*$AJ$3 -> 0 | AK40: =AR40*$AK$3 -> 0 | AL40: 1250 | AM40: =AF40*$AM$3 -> 0 | AN40: =(R40*AG40)+AH40+AI40+AJ40+AK40+AL40+AM40 -> 1250 | AO40: =AP40/AQ40 -> #DIV/0! | AP40: =AQ40-AN40 -> -1250 | AQ40: =AR40/$O$4 -> 0 | AS40: =AR40/AG40 -> #DIV/0!
A41: CASE BARA CUSTOM | B41: =B40+1000 -> 4000 | C41: =B41*$C$4 -> 3280 | D41: =C41/$D$4 -> 2954.955 | E41: 1 | F41: =P41*$F$3 -> 1062 | G41: =P41*$G$3 -> 720 | H41: =P41*$H$3 -> 405 | I41: =P41*$I$3 -> 162 | J41: 1250 | K41: =C41*$K$3*E41 -> 262.4 | L41: =(D41*E41)+F41+G41+H41+I41+J41+K41 -> 6816.355 | M41: =N41/O41 -> 0.15931622 | N41: =O41-L41 -> 1291.7532 | O41: =P41/$O$4 -> 8108.1081 | P41: 9000 | Q41: =P41/E41 -> 9000 | T41: =AD41*$T$3 -> 0 | U41: =AD41*$U$3 -> 0 | V41: =AD41*$V$3 -> 0 | W41: =AD41*$W$3 -> 0 | X41: 1250 | Y41: =C41*$Y$3*S41 -> 0 | Z41: =(D41*S41)+T41+U41+V41+W41+X41+Y41 -> 1250 | AA41: =AB41/AC41 -> #DIV/0! | AB41: =AC41-Z41 -> -1250 | AC41: =AD41/$O$4 -> 0 | AE41: =AD41/S41 -> #DIV/0! | AH41: =AR41*$AH$3 -> 0 | AI41: =AR41*$AI$3 -> 0 | AJ41: =AR41*$AJ$3 -> 0 | AK41: =AR41*$AK$3 -> 0 | AL41: 1250 | AM41: =AF41*$AM$3 -> 0 | AN41: =(R41*AG41)+AH41+AI41+AJ41+AK41+AL41+AM41 -> 1250 | AO41: =AP41/AQ41 -> #DIV/0! | AP41: =AQ41-AN41 -> -1250 | AQ41: =AR41/$O$4 -> 0 | AS41: =AR41/AG41 -> #DIV/0!
A42: CROCKIE BARA + CASE | B42: =B7+B40 -> 7100 | C42: =B42*$C$4 -> 5822 | D42: =C42/$D$4 -> 5245.045 | E42: 1 | F42: =P42*$F$3 -> 1475 | G42: =P42*$G$3 -> 1000 | H42: =P42*$H$3 -> 562.5 | I42: =P42*$I$3 -> 225 | J42: 1250 | K42: =C42*$K$3*E42 -> 465.76 | L42: =(D42*E42)+F42+G42+H42+I42+J42+K42 -> 10223.305 | M42: =N42/O42 -> 0.092170512 | N42: =O42-L42 -> 1037.9562 | O42: =P42/$O$4 -> 11261.261 | P42: 12500 | Q42: =P42/E42 -> 12500 | T42: =AD42*$T$3 -> 0 | U42: =AD42*$U$3 -> 0 | V42: =AD42*$V$3 -> 0 | W42: =AD42*$W$3 -> 0 | X42: 1250 | Y42: =C42*$Y$3*S42 -> 0 | Z42: =(D42*S42)+T42+U42+V42+W42+X42+Y42 -> 1250 | AA42: =AB42/AC42 -> #DIV/0! | AB42: =AC42-Z42 -> -1250 | AC42: =AD42/$O$4 -> 0 | AE42: =AD42/S42 -> #DIV/0! | AH42: =AR42*$AH$3 -> 0 | AI42: =AR42*$AI$3 -> 0 | AJ42: =AR42*$AJ$3 -> 0 | AK42: =AR42*$AK$3 -> 0 | AL42: 1250 | AM42: =AF42*$AM$3 -> 0 | AN42: =(R42*AG42)+AH42+AI42+AJ42+AK42+AL42+AM42 -> 1250 | AO42: =AP42/AQ42 -> #DIV/0! | AP42: =AQ42-AN42 -> -1250 | AQ42: =AR42/$O$4 -> 0 | AS42: =AR42/AG42 -> #DIV/0!
A43: CROCKIE BARA + CASE CUSTOM | B43: =B7+B41 -> 8100 | C43: =B43*$C$4 -> 6642 | D43: =C43/$D$4 -> 5983.7838 | E43: 1 | F43: =P43*$F$3 -> 1593 | G43: =P43*$G$3 -> 1080 | H43: =P43*$H$3 -> 607.5 | I43: =P43*$I$3 -> 243 | J43: 1250 | K43: =C43*$K$3*E43 -> 531.36 | L43: =(D43*E43)+F43+G43+H43+I43+J43+K43 -> 11288.644 | M43: =N43/O43 -> 0.071822622 | N43: =O43-L43 -> 873.51838 | O43: =P43/$O$4 -> 12162.162 | P43: 13500 | Q43: =P43/E43 -> 13500 | T43: =AD43*$T$3 -> 0 | U43: =AD43*$U$3 -> 0 | V43: =AD43*$V$3 -> 0 | W43: =AD43*$W$3 -> 0 | X43: 1250 | Y43: =C43*$Y$3*S43 -> 0 | Z43: =(D43*S43)+T43+U43+V43+W43+X43+Y43 -> 1250 | AA43: =AB43/AC43 -> #DIV/0! | AB43: =AC43-Z43 -> -1250 | AC43: =AD43/$O$4 -> 0 | AE43: =AD43/S43 -> #DIV/0! | AH43: =AR43*$AH$3 -> 0 | AI43: =AR43*$AI$3 -> 0 | AJ43: =AR43*$AJ$3 -> 0 | AK43: =AR43*$AK$3 -> 0 | AL43: 1250 | AM43: =AF43*$AM$3 -> 0 | AN43: =(R43*AG43)+AH43+AI43+AJ43+AK43+AL43+AM43 -> 1250 | AO43: =AP43/AQ43 -> #DIV/0! | AP43: =AQ43-AN43 -> -1250 | AQ43: =AR43/$O$4 -> 0 | AS43: =AR43/AG43 -> #DIV/0!
A44: CROCKIE BARA 5 + CASE | B44: =B7*5+B40 -> 23500 | C44: =B44*$C$4 -> 19270 | D44: =C44/$D$4 -> 17360.36 | E44: 1 | F44: =P44*$F$3 -> 3929.046 | G44: =P44*$G$3 -> 2663.76 | H44: =P44*$H$3 -> 1498.365 | I44: =P44*$I$3 -> 599.346 | J44: 1250 | K44: =C44*$K$3*E44 -> 1541.6 | L44: =(D44*E44)+F44+G44+H44+I44+J44+K44 -> 28842.477 | M44: =N44/O44 -> 0.038497466 | N44: =O44-L44 -> 1154.8199 | O44: =P44/$O$4 -> 29997.297 | P44: 33297 | Q44: =P44/E44 -> 33297 | T44: =AD44*$T$3 -> 0 | U44: =AD44*$U$3 -> 0 | V44: =AD44*$V$3 -> 0 | W44: =AD44*$W$3 -> 0 | X44: 1250 | Y44: =C44*$Y$3*S44 -> 0 | Z44: =(D44*S44)+T44+U44+V44+W44+X44+Y44 -> 1250 | AA44: =AB44/AC44 -> #DIV/0! | AB44: =AC44-Z44 -> -1250 | AC44: =AD44/$O$4 -> 0 | AE44: =AD44/S44 -> #DIV/0! | AH44: =AR44*$AH$3 -> 0 | AI44: =AR44*$AI$3 -> 0 | AJ44: =AR44*$AJ$3 -> 0 | AK44: =AR44*$AK$3 -> 0 | AL44: 1250 | AM44: =AF44*$AM$3 -> 0 | AN44: =(R44*AG44)+AH44+AI44+AJ44+AK44+AL44+AM44 -> 1250 | AO44: =AP44/AQ44 -> #DIV/0! | AP44: =AQ44-AN44 -> -1250 | AQ44: =AR44/$O$4 -> 0 | AS44: =AR44/AG44 -> #DIV/0!
A45: CROCKIE BARA 5 + CASE CUSTOM | B45: =B7*5+B41 -> 24500 | C45: =B45*$C$4 -> 20090 | D45: =C45/$D$4 -> 18099.099 | E45: 1 | F45: =P45*$F$3 -> 4147.7 | G45: =P45*$G$3 -> 2812 | H45: =P45*$H$3 -> 1581.75 | I45: =P45*$I$3 -> 632.7 | J45: 1250 | K45: =C45*$K$3*E45 -> 1607.2 | L45: =(D45*E45)+F45+G45+H45+I45+J45+K45 -> 30130.449 | M45: =N45/O45 -> 0.048512134 | N45: =O45-L45 -> 1536.2176 | O45: =P45/$O$4 -> 31666.667 | P45: 35150 | Q45: =P45/E45 -> 35150 | T45: =AD45*$T$3 -> 0 | U45: =AD45*$U$3 -> 0 | V45: =AD45*$V$3 -> 0 | W45: =AD45*$W$3 -> 0 | X45: 1250 | Y45: =C45*$Y$3*S45 -> 0 | Z45: =(D45*S45)+T45+U45+V45+W45+X45+Y45 -> 1250 | AA45: =AB45/AC45 -> #DIV/0! | AB45: =AC45-Z45 -> -1250 | AC45: =AD45/$O$4 -> 0 | AE45: =AD45/S45 -> #DIV/0! | AH45: =AR45*$AH$3 -> 0 | AI45: =AR45*$AI$3 -> 0 | AJ45: =AR45*$AJ$3 -> 0 | AK45: =AR45*$AK$3 -> 0 | AL45: 1250 | AM45: =AF45*$AM$3 -> 0 | AN45: =(R45*AG45)+AH45+AI45+AJ45+AK45+AL45+AM45 -> 1250 | AO45: =AP45/AQ45 -> #DIV/0! | AP45: =AQ45-AN45 -> -1250 | AQ45: =AR45/$O$4 -> 0 | AS45: =AR45/AG45 -> #DIV/0!
A46: PAKKET BUY MORE GET FREE ITEM
A47: C.ORI 5PCS FREE 1PCS | B47: =B5 -> 3350 | C47: =B47*$C$4 -> 2747 | D47: =C47/$D$4 -> 2474.7748 | E47: 6 | F47: =P47*$F$3 -> 3304 | G47: =P47*$G$3 -> 2240 | H47: =P47*$H$3 -> 1260 | I47: =P47*$I$3 -> 504 | J47: 1250 | K47: =C47*$K$3*E47 -> 1318.56 | L47: =(D47*E47)+F47+G47+H47+I47+J47+K47 -> 24725.209 | M47: =N47/O47 -> 0.019822086 | N47: =O47-L47 -> 500.01658 | O47: =P47/$O$4 -> 25225.225 | P47: 28000 | Q47: =P47/E47 -> 4666.6667 | T47: =AD47*$T$3 -> 0 | U47: =AD47*$U$3 -> 0 | V47: =AD47*$V$3 -> 0 | W47: =AD47*$W$3 -> 0 | X47: 1250 | Y47: =R47*$Y$3 -> 0 | Z47: =(D47*S47)+T47+U47+V47+W47+X47+Y47 -> 1250 | AA47: =AB47/AC47 -> #DIV/0! | AB47: =AC47-Z47 -> -1250 | AC47: =AD47/$O$4 -> 0 | AE47: =AD47/S47 -> #DIV/0! | AH47: =AR47*$AH$3 -> 0 | AI47: =AR47*$AI$3 -> 0 | AJ47: =AR47*$AJ$3 -> 0 | AK47: =AR47*$AK$3 -> 0 | AL47: 1250 | AM47: =AF47*$AM$3 -> 0 | AN47: =(R47*AG47)+AH47+AI47+AJ47+AK47+AL47+AM47 -> 1250 | AO47: =AP47/AQ47 -> #DIV/0! | AP47: =AQ47-AN47 -> -1250 | AQ47: =AR47/$O$4 -> 0 | AS47: =AR47/AG47 -> #DIV/0!
A48: C.M.SUPER 5PCS FREE 1PCS | B48: =B6 -> 3500 | C48: =B48*$C$4 -> 2870 | D48: =C48/$D$4 -> 2585.5856 | E48: 6 | F48: =P48*$F$3 -> 3481 | G48: =P48*$G$3 -> 2360 | H48: =P48*$H$3 -> 1327.5 | I48: =P48*$I$3 -> 531 | J48: 1250 | K48: =C48*$K$3*E48 -> 1377.6 | L48: =(D48*E48)+F48+G48+H48+I48+J48+K48 -> 25840.614 | M48: =N48/O48 -> 0.027692169 | N48: =O48-L48 -> 735.96306 | O48: =P48/$O$4 -> 26576.577 | P48: 29500 | Q48: =P48/E48 -> 4916.6667 | T48: =AD48*$T$3 -> 0 | U48: =AD48*$U$3 -> 0 | V48: =AD48*$V$3 -> 0 | W48: =AD48*$W$3 -> 0 | X48: 1250 | Y48: =R48*$Y$3 -> 0 | Z48: =(D48*S48)+T48+U48+V48+W48+X48+Y48 -> 1250 | AA48: =AB48/AC48 -> #DIV/0! | AB48: =AC48-Z48 -> -1250 | AC48: =AD48/$O$4 -> 0 | AE48: =AD48/S48 -> #DIV/0! | AH48: =AR48*$AH$3 -> 0 | AI48: =AR48*$AI$3 -> 0 | AJ48: =AR48*$AJ$3 -> 0 | AK48: =AR48*$AK$3 -> 0 | AL48: 1250 | AM48: =AF48*$AM$3 -> 0 | AN48: =(R48*AG48)+AH48+AI48+AJ48+AK48+AL48+AM48 -> 1250 | AO48: =AP48/AQ48 -> #DIV/0! | AP48: =AQ48-AN48 -> -1250 | AQ48: =AR48/$O$4 -> 0 | AS48: =AR48/AG48 -> #DIV/0!
A49: C.B.TURBO 5PCS FREE 1PCS | B49: =B7 -> 4100 | C49: =B49*$C$4 -> 3362 | D49: =C49/$D$4 -> 3028.8288 | E49: 6 | F49: =P49*$F$3 -> 4030.29 | G49: =P49*$G$3 -> 2732.4 | H49: =P49*$H$3 -> 1536.975 | I49: =P49*$I$3 -> 614.79 | J49: 1250 | K49: =C49*$K$3*E49 -> 1613.76 | L49: =(D49*E49)+F49+G49+H49+I49+J49+K49 -> 29951.188 | M49: =N49/O49 -> 0.026619275 | N49: =O49-L49 -> 819.0823 | O49: =P49/$O$4 -> 30770.27 | P49: 34155 | Q49: =P49/E49 -> 5692.5 | T49: =AD49*$T$3 -> 0 | U49: =AD49*$U$3 -> 0 | V49: =AD49*$V$3 -> 0 | W49: =AD49*$W$3 -> 0 | X49: 1250 | Y49: =R49*$Y$3 -> 0 | Z49: =(D49*S49)+T49+U49+V49+W49+X49+Y49 -> 1250 | AA49: =AB49/AC49 -> #DIV/0! | AB49: =AC49-Z49 -> -1250 | AC49: =AD49/$O$4 -> 0 | AE49: =AD49/S49 -> #DIV/0! | AH49: =AR49*$AH$3 -> 0 | AI49: =AR49*$AI$3 -> 0 | AJ49: =AR49*$AJ$3 -> 0 | AK49: =AR49*$AK$3 -> 0 | AL49: 1250 | AM49: =AF49*$AM$3 -> 0 | AN49: =(R49*AG49)+AH49+AI49+AJ49+AK49+AL49+AM49 -> 1250 | AO49: =AP49/AQ49 -> #DIV/0! | AP49: =AQ49-AN49 -> -1250 | AQ49: =AR49/$O$4 -> 0 | AS49: =AR49/AG49 -> #DIV/0!
A50: C. SERI FLAG 5PCS FREE 1PCS | B50: =B17 -> 3850 | C50: =B50*$C$4 -> 3157 | D50: =C50/$D$4 -> 2844.1441 | E50: 6 | F50: =P50*$F$3 -> 3835 | G50: =P50*$G$3 -> 2600 | H50: =P50*$H$3 -> 1462.5 | I50: =P50*$I$3 -> 585 | J50: 1250 | K50: =C50*$K$3*E50 -> 1515.36 | L50: =(D50*E50)+F50+G50+H50+I50+J50+K50 -> 28312.725 | M50: =N50/O50 -> 0.033011551 | N50: =O50-L50 -> 966.55441 | O50: =P50/$O$4 -> 29279.279 | P50: 32500 | Q50: =P50/E50 -> 5416.6667 | T50: =AD50*$T$3 -> 0 | U50: =AD50*$U$3 -> 0 | V50: =AD50*$V$3 -> 0 | W50: =AD50*$W$3 -> 0 | X50: 1250 | Y50: =R50*$Y$3 -> 0 | Z50: =(D50*S50)+T50+U50+V50+W50+X50+Y50 -> 1250 | AA50: =AB50/AC50 -> #DIV/0! | AB50: =AC50-Z50 -> -1250 | AC50: =AD50/$O$4 -> 0 | AE50: =AD50/S50 -> #DIV/0! | AH50: =AR50*$AH$3 -> 0 | AI50: =AR50*$AI$3 -> 0 | AJ50: =AR50*$AJ$3 -> 0 | AK50: =AR50*$AK$3 -> 0 | AL50: 1250 | AM50: =AF50*$AM$3 -> 0 | AN50: =(R50*AG50)+AH50+AI50+AJ50+AK50+AL50+AM50 -> 1250 | AO50: =AP50/AQ50 -> #DIV/0! | AP50: =AQ50-AN50 -> -1250 | AQ50: =AR50/$O$4 -> 0 | AS50: =AR50/AG50 -> #DIV/0!
A51: C.ORI 2+M.SUPER 2+B.TURBO 1PCS FREE 1ORI | B51: =B5*3+B6*2+B7 -> 21150 | C51: =B51*$C$4 -> 17343 | D51: =C51/$D$4 -> 15624.324 | E51: 1 | F51: =P51*$F$3 -> 0 | G51: =P51*$G$3 -> 0 | H51: =P51*$H$3 -> 0 | I51: =P51*$I$3 -> 0 | J51: 1250 | K51: =C51*$K$3*E51 -> 1387.44 | L51: =(D51*E51)+F51+G51+H51+I51+J51+K51 -> 18261.764 | M51: =N51/O51 -> #DIV/0! | N51: =O51-L51 -> -18261.764 | O51: =P51/$O$4 -> 0 | Q51: =P51/E51 -> 0 | Z51: =(D51*S51)+T51+U51+V51+W51+X51+Y51 -> 0
A52: C.ORI 2+M.SUPER 3 FREE 1PCS ORI | B52: =B5*3+B6*3 -> 20550 | C52: =B52*$C$4 -> 16851 | D52: =C52/$D$4 -> 15181.081 | E52: 1 | F52: =P52*$F$3 -> 0 | G52: =P52*$G$3 -> 0 | H52: =P52*$H$3 -> 0 | I52: =P52*$I$3 -> 0 | J52: 1250 | K52: =C52*$K$3*E52 -> 1348.08 | L52: =(D52*E52)+F52+G52+H52+I52+J52+K52 -> 17779.161 | M52: =N52/O52 -> #DIV/0! | N52: =O52-L52 -> -17779.161 | O52: =P52/$O$4 -> 0 | Q52: =P52/E52 -> 0 | Z52: =(D52*S52)+T52+U52+V52+W52+X52+Y52 -> 0
A53: C.M.SUPER 3+B.TURBO 2 FREE 1PCS B.TURBO | B53: =B6*3+B7*3 -> 22800 | C53: =B53*$C$4 -> 18696 | D53: =C53/$D$4 -> 16843.243 | E53: 1 | F53: =P53*$F$3 -> 0 | G53: =P53*$G$3 -> 0 | H53: =P53*$H$3 -> 0 | I53: =P53*$I$3 -> 0 | J53: 1250 | K53: =C53*$K$3*E53 -> 1495.68 | L53: =(D53*E53)+F53+G53+H53+I53+J53+K53 -> 19588.923 | M53: =N53/O53 -> #DIV/0! | N53: =O53-L53 -> -19588.923 | O53: =P53/$O$4 -> 0 | Q53: =P53/E53 -> 0 | Z53: =(D53*S53)+T53+U53+V53+W53+X53+Y53 -> 0
A54: C.IDEA 3+C.ORI 2 FREE 1PCS ORI | B54: =B9*3+B5*3 -> 40050 | C54: =B54*$C$4 -> 32841 | D54: =C54/$D$4 -> 29586.486 | E54: 1 | F54: =P54*$F$3 -> 6313 | G54: =P54*$G$3 -> 4280 | H54: =P54*$H$3 -> 2407.5 | I54: =P54*$I$3 -> 963 | J54: 1250 | K54: =C54*$K$3*E54 -> 2627.28 | L54: =(D54*E54)+F54+G54+H54+I54+J54+K54 -> 47427.266 | M54: =N54/O54 -> 0.015995032 | N54: =O54-L54 -> 770.93171 | O54: =P54/$O$4 -> 48198.198 | P54: 53500 | Q54: =P54/E54 -> 53500 | Z54: =(D54*S54)+T54+U54+V54+W54+X54+Y54 -> 0
A55: C.IDEA 3+C.M.SUPER 2 FREE 1PCS M.SUPER | B55: =B9*3+B5*3 -> 40050 | C55: =B55*$C$4 -> 32841 | D55: =C55/$D$4 -> 29586.486 | E55: 1 | F55: =P55*$F$3 -> 6431 | G55: =P55*$G$3 -> 4360 | H55: =P55*$H$3 -> 2452.5 | I55: =P55*$I$3 -> 981 | J55: 1250 | K55: =C55*$K$3*E55 -> 2627.28 | L55: =(D55*E55)+F55+G55+H55+I55+J55+K55 -> 47688.266 | M55: =N55/O55 -> 0.028734389 | N55: =O55-L55 -> 1410.8326 | O55: =P55/$O$4 -> 49099.099 | P55: 54500 | Q55: =P55/E55 -> 54500 | Z55: =(D55*S55)+T55+U55+V55+W55+X55+Y55 -> 0
A56: C.IDEA 3+C.B.TURBO 2 FREE1PCS B.TURBO | B56: =B9*3+B7*3 -> 42300 | C56: =B56*$C$4 -> 34686 | D56: =C56/$D$4 -> 31248.649 | E56: 1 | F56: =P56*$F$3 -> 6749.6 | G56: =P56*$G$3 -> 4576 | H56: =P56*$H$3 -> 2574 | I56: =P56*$I$3 -> 1029.6 | J56: 1250 | K56: =C56*$K$3*E56 -> 2774.88 | L56: =(D56*E56)+F56+G56+H56+I56+J56+K56 -> 50202.729 | M56: =N56/O56 -> 0.02578621 | N56: =O56-L56 -> 1328.8029 | O56: =P56/$O$4 -> 51531.532 | P56: 57200 | Q56: =P56/E56 -> 57200 | Z56: =(D56*S56)+T56+U56+V56+W56+X56+Y56 -> 0
A57: C.IDEA 4PCS FREE 1PCS G.BUTANE | B57: =B9*4+B13 -> 45900 | C57: =B57*$C$4 -> 37638 | D57: =C57/$D$4 -> 33908.108 | E57: 1 | F57: =P57*$F$3 -> 7257 | G57: =P57*$G$3 -> 4920 | H57: =P57*$H$3 -> 2767.5 | I57: =P57*$I$3 -> 1107 | J57: 1250 | K57: =C57*$K$3*E57 -> 3011.04 | L57: =(D57*E57)+F57+G57+H57+I57+J57+K57 -> 54220.648 | M57: =N57/O57 -> 0.021383424 | N57: =O57-L57 -> 1184.7573 | O57: =P57/$O$4 -> 55405.405 | P57: 61500 | Q57: =P57/E57 -> 61500 | Z57: =(D57*S57)+T57+U57+V57+W57+X57+Y57 -> 0
A58: C.SUPERJET 4PCS FREE 1PCS G.BUTANE | B58: =B8*4+B13 -> 105900 | C58: =B58*$C$4 -> 86838 | D58: =C58/$D$4 -> 78232.432 | E58: 1 | F58: =P58*$F$3 -> 0 | G58: =P58*$G$3 -> 0 | H58: =P58*$H$3 -> 0 | I58: =P58*$I$3 -> 0 | J58: 1250 | K58: =C58*$K$3*E58 -> 6947.04 | L58: =(D58*E58)+F58+G58+H58+I58+J58+K58 -> 86429.472 | M58: =N58/O58 -> #DIV/0! | N58: =O58-L58 -> -86429.472 | O58: =P58/$O$4 -> 0 | Q58: =P58/E58 -> 0 | Z58: =(D58*S58)+T58+U58+V58+W58+X58+Y58 -> 0
C59: =B59*$C$4 -> 0 | D59: =C59/$D$4 -> 0 | E59: 1 | F59: =P59*$F$3 -> 0 | G59: =P59*$G$3 -> 0 | H59: =P59*$H$3 -> 0 | I59: =P59*$I$3 -> 0 | J59: 1250 | K59: =C59*$K$3*E59 -> 0 | L59: =(D59*E59)+F59+G59+H59+I59+J59+K59 -> 1250 | M59: =N59/O59 -> #DIV/0! | N59: =O59-L59 -> -1250 | O59: =P59/$O$4 -> 0 | Q59: =P59/E59 -> 0 | Z59: =(D59*S59)+T59+U59+V59+W59+X59+Y59 -> 0
A60: C.IDEA 5PCS FREE 1PCS G.BUTANE | B60: =B9*5+B13 -> 55900 | C60: =B60*$C$4 -> 45838 | D60: =C60/$D$4 -> 41295.495 | E60: 1 | F60: =P60*$F$3 -> 0 | G60: =P60*$G$3 -> 0 | H60: =P60*$H$3 -> 0 | I60: =P60*$I$3 -> 0 | J60: 1250 | K60: =C60*$K$3*E60 -> 3667.04 | L60: =(D60*E60)+F60+G60+H60+I60+J60+K60 -> 46212.535 | M60: =N60/O60 -> #DIV/0! | N60: =O60-L60 -> -46212.535 | O60: =P60/$O$4 -> 0 | Q60: =P60/E60 -> 0 | Z60: =(D60*S60)+T60+U60+V60+W60+X60+Y60 -> 0
A61: C.POWERJET 4PCS FREE 1PCS G.BUTANE | B61: =B12*4+B13 -> 297900 | C61: =B61*$C$4 -> 244278 | D61: =C61/$D$4 -> 220070.27 | E61: 1 | F61: =P61*$F$3 -> 0 | G61: =P61*$G$3 -> 0 | H61: =P61*$H$3 -> 0 | I61: =P61*$I$3 -> 0 | J61: 1250 | K61: =C61*$K$3*E61 -> 19542.24 | L61: =(D61*E61)+F61+G61+H61+I61+J61+K61 -> 240862.51 | M61: =N61/O61 -> #DIV/0! | N61: =O61-L61 -> -240862.51 | O61: =P61/$O$4 -> 0 | Q61: =P61/E61 -> 0 | Z61: =(D61*S61)+T61+U61+V61+W61+X61+Y61 -> 0
A62: C.FLEXIE 4PCS FREE 1PCS G.BUTANE | B62: =B10*4+B13 -> 65900 | C62: =B62*$C$4 -> 54038 | D62: =C62/$D$4 -> 48682.883 | E62: 1 | F62: =P62*$F$3 -> 0 | G62: =P62*$G$3 -> 0 | H62: =P62*$H$3 -> 0 | I62: =P62*$I$3 -> 0 | J62: 1250 | K62: =C62*$K$3*E62 -> 4323.04 | L62: =(D62*E62)+F62+G62+H62+I62+J62+K62 -> 54255.923 | M62: =N62/O62 -> #DIV/0! | N62: =O62-L62 -> -54255.923 | O62: =P62/$O$4 -> 0 | Q62: =P62/E62 -> 0
A63: C.FLEXIE W 4PCS FREE 1PCS G.BUTANE | B63: =B11*4+B13 -> 77900 | C63: =B63*$C$4 -> 63878 | D63: =C63/$D$4 -> 57547.748 | E63: 1 | F63: =P63*$F$3 -> 0 | G63: =P63*$G$3 -> 0 | H63: =P63*$H$3 -> 0 | I63: =P63*$I$3 -> 0 | J63: 1250 | K63: =C63*$K$3*E63 -> 5110.24 | L63: =(D63*E63)+F63+G63+H63+I63+J63+K63 -> 63907.988 | M63: =N63/O63 -> #DIV/0! | N63: =O63-L63 -> -63907.988 | O63: =P63/$O$4 -> 0 | Q63: =P63/E63 -> 0
C64: =B64*$C$4 -> 0 | D64: =C64/$D$4 -> 0 | E64: 1 | F64: =P64*$F$3 -> 0 | G64: =P64*$G$3 -> 0 | H64: =P64*$H$3 -> 0 | I64: =P64*$I$3 -> 0 | J64: 1250 | K64: =C64*$K$3*E64 -> 0 | L64: =(D64*E64)+F64+G64+H64+I64+J64+K64 -> 1250 | M64: =N64/O64 -> #DIV/0! | N64: =O64-L64 -> -1250 | O64: =P64/$O$4 -> 0 | Q64: =P64/E64 -> 0
C65: =B65*$C$4 -> 0 | D65: =C65/$D$4 -> 0 | E65: 1 | F65: =P65*$F$3 -> 0 | G65: =P65*$G$3 -> 0 | H65: =P65*$H$3 -> 0 | I65: =P65*$I$3 -> 0 | J65: 1250 | K65: =C65*$K$3*E65 -> 0 | L65: =(D65*E65)+F65+G65+H65+I65+J65+K65 -> 1250 | M65: =N65/O65 -> #DIV/0! | N65: =O65-L65 -> -1250 | O65: =P65/$O$4 -> 0 | Q65: =P65/E65 -> 0 | T65: =AD65*$T$3 -> 0 | U65: =AD65*$U$3 -> 0 | V65: =AD65*$V$3 -> 0 | W65: =AD65*$W$3 -> 0 | X65: 1250 | Y65: =R65*$Y$3 -> 0 | Z65: =(D65*S65)+T65+U65+V65+W65+X65+Y65 -> 1250 | AA65: =AB65/AC65 -> #DIV/0! | AB65: =AC65-Z65 -> -1250 | AC65: =AD65/$O$4 -> 0 | AE65: =AD65/S65 -> #DIV/0! | AH65: =AR65*$AH$3 -> 0 | AI65: =AR65*$AI$3 -> 0 | AJ65: =AR65*$AJ$3 -> 0 | AK65: =AR65*$AK$3 -> 0 | AL65: 1250 | AM65: =AF65*$AM$3 -> 0 | AN65: =(R65*AG65)+AH65+AI65+AJ65+AK65+AL65+AM65 -> 1250 | AO65: =AP65/AQ65 -> #DIV/0! | AP65: =AQ65-AN65 -> -1250 | AQ65: =AR65/$O$4 -> 0 | AS65: =AR65/AG65 -> #DIV/0!
A66: C.M.SUPER 1BOX FREE 5PCS | B66: =B6 -> 3500 | C66: =B66*$C$4 -> 2870 | D66: =C66/$D$4 -> 2585.5856 | E66: 55 | F66: =P66*$F$3 -> 29913 | G66: =P66*$G$3 -> 20280 | H66: =P66*$H$3 -> 11407.5 | I66: =P66*$I$3 -> 4563 | J66: 1250 | K66: =C66*$K$3*E66 -> 12628 | L66: =(D66*E66)+F66+G66+H66+I66+J66+K66 -> 222248.71 | M66: =N66/O66 -> 0.02683998 | N66: =O66-L66 -> 6129.6712 | O66: =P66/$O$4 -> 228378.38 | P66: 253500 | Q66: =P66/E66 -> 4609.0909 | T66: =AD66*$T$3 -> 0 | U66: =AD66*$U$3 -> 0 | V66: =AD66*$V$3 -> 0 | W66: =AD66*$W$3 -> 0 | X66: 1250 | Y66: =R66*$Y$3 -> 0 | Z66: =(D66*S66)+T66+U66+V66+W66+X66+Y66 -> 1250 | AA66: =AB66/AC66 -> #DIV/0! | AB66: =AC66-Z66 -> -1250 | AC66: =AD66/$O$4 -> 0 | AE66: =AD66/S66 -> #DIV/0! | AH66: =AR66*$AH$3 -> 0 | AI66: =AR66*$AI$3 -> 0 | AJ66: =AR66*$AJ$3 -> 0 | AK66: =AR66*$AK$3 -> 0 | AL66: 1250 | AM66: =AF66*$AM$3 -> 0 | AN66: =(R66*AG66)+AH66+AI66+AJ66+AK66+AL66+AM66 -> 1250 | AO66: =AP66/AQ66 -> #DIV/0! | AP66: =AQ66-AN66 -> -1250 | AQ66: =AR66/$O$4 -> 0 | AS66: =AR66/AG66 -> #DIV/0!
A67: C.B.TURBO 1BOX FREE 2PCS G.BUTANE | B67: =B7*25+B13*2 -> 114300 | C67: =B67*$C$4 -> 93726 | D67: =C67/$D$4 -> 84437.838 | E67: 1 | F67: =P67*$F$3 -> 17936 | G67: =P67*$G$3 -> 12160 | H67: =P67*$H$3 -> 6840 | I67: =P67*$I$3 -> 2736 | J67: 1250 | K67: =C67*$K$3*E67 -> 7498.08 | L67: =(D67*E67)+F67+G67+H67+I67+J67+K67 -> 132857.92 | M67: =N67/O67 -> 0.029787574 | N67: =O67-L67 -> 4079.0191 | O67: =P67/$O$4 -> 136936.94 | P67: 152000 | Q67: =P67/E67 -> 152000 | T67: =AD67*$T$3 -> 0 | U67: =AD67*$U$3 -> 0 | V67: =AD67*$V$3 -> 0 | W67: =AD67*$W$3 -> 0 | X67: 1250 | Y67: =R67*$Y$3 -> 0 | Z67: =(D67*S67)+T67+U67+V67+W67+X67+Y67 -> 1250 | AA67: =AB67/AC67 -> #DIV/0! | AB67: =AC67-Z67 -> -1250 | AC67: =AD67/$O$4 -> 0 | AE67: =AD67/S67 -> #DIV/0! | AH67: =AR67*$AH$3 -> 0 | AI67: =AR67*$AI$3 -> 0 | AJ67: =AR67*$AJ$3 -> 0 | AK67: =AR67*$AK$3 -> 0 | AL67: 1250 | AM67: =AF67*$AM$3 -> 0 | AN67: =(R67*AG67)+AH67+AI67+AJ67+AK67+AL67+AM67 -> 1250 | AO67: =AP67/AQ67 -> #DIV/0! | AP67: =AQ67-AN67 -> -1250 | AQ67: =AR67/$O$4 -> 0 | AS67: =AR67/AG67 -> #DIV/0!
A68: C.M.S P.BLACK 1BOX FREE 5PCS | B68: =B15 -> 3500 | C68: =B68*$C$4 -> 2870 | D68: =C68/$D$4 -> 2585.5856 | E68: 55 | F68: =P68*$F$3 -> 29913 | G68: =P68*$G$3 -> 20280 | H68: =P68*$H$3 -> 11407.5 | I68: =P68*$I$3 -> 4563 | J68: 1250 | K68: =C68*$K$3*E68 -> 12628 | L68: =(D68*E68)+F68+G68+H68+I68+J68+K68 -> 222248.71 | M68: =N68/O68 -> 0.02683998 | N68: =O68-L68 -> 6129.6712 | O68: =P68/$O$4 -> 228378.38 | P68: 253500 | Q68: =P68/E68 -> 4609.0909 | T68: =AD68*$T$3 -> 0 | U68: =AD68*$U$3 -> 0 | V68: =AD68*$V$3 -> 0 | W68: =AD68*$W$3 -> 0 | X68: 1250 | Y68: =R68*$Y$3 -> 0 | Z68: =(D68*S68)+T68+U68+V68+W68+X68+Y68 -> 1250 | AA68: =AB68/AC68 -> #DIV/0! | AB68: =AC68-Z68 -> -1250 | AC68: =AD68/$O$4 -> 0 | AE68: =AD68/S68 -> #DIV/0! | AH68: =AR68*$AH$3 -> 0 | AI68: =AR68*$AI$3 -> 0 | AJ68: =AR68*$AJ$3 -> 0 | AK68: =AR68*$AK$3 -> 0 | AL68: 1250 | AM68: =AF68*$AM$3 -> 0 | AN68: =(R68*AG68)+AH68+AI68+AJ68+AK68+AL68+AM68 -> 1250 | AO68: =AP68/AQ68 -> #DIV/0! | AP68: =AQ68-AN68 -> -1250 | AQ68: =AR68/$O$4 -> 0 | AS68: =AR68/AG68 -> #DIV/0!
A69: C.M.S P.WHITE 1BOX FREE 5PCS | B69: =B14 -> 3500 | C69: =B69*$C$4 -> 2870 | D69: =C69/$D$4 -> 2585.5856 | E69: 55 | F69: =P69*$F$3 -> 29913 | G69: =P69*$G$3 -> 20280 | H69: =P69*$H$3 -> 11407.5 | I69: =P69*$I$3 -> 4563 | J69: 1250 | K69: =C69*$K$3*E69 -> 12628 | L69: =(D69*E69)+F69+G69+H69+I69+J69+K69 -> 222248.71 | M69: =N69/O69 -> 0.02683998 | N69: =O69-L69 -> 6129.6712 | O69: =P69/$O$4 -> 228378.38 | P69: 253500 | Q69: =P69/E69 -> 4609.0909 | T69: =AD69*$T$3 -> 0 | U69: =AD69*$U$3 -> 0 | V69: =AD69*$V$3 -> 0 | W69: =AD69*$W$3 -> 0 | X69: 1250 | Y69: =R69*$Y$3 -> 0 | Z69: =(D69*S69)+T69+U69+V69+W69+X69+Y69 -> 1250 | AA69: =AB69/AC69 -> #DIV/0! | AB69: =AC69-Z69 -> -1250 | AC69: =AD69/$O$4 -> 0 | AE69: =AD69/S69 -> #DIV/0! | AH69: =AR69*$AH$3 -> 0 | AI69: =AR69*$AI$3 -> 0 | AJ69: =AR69*$AJ$3 -> 0 | AK69: =AR69*$AK$3 -> 0 | AL69: 1250 | AM69: =AF69*$AM$3 -> 0 | AN69: =(R69*AG69)+AH69+AI69+AJ69+AK69+AL69+AM69 -> 1250 | AO69: =AP69/AQ69 -> #DIV/0! | AP69: =AQ69-AN69 -> -1250 | AQ69: =AR69/$O$4 -> 0 | AS69: =AR69/AG69 -> #DIV/0!
A70: KOTAK | B70: 900 | C70: =B70*$C$4 -> 738 | D70: =C70/$D$4 -> 664.86486 | E70: 1 | F70: =P70*$F$3 -> 590 | G70: =P70*$G$3 -> 400 | H70: =P70*$H$3 -> 225 | I70: =P70*$I$3 -> 90 | J70: 1250 | K70: =C70*$K$3*E70 -> 59.04 | L70: =(D70*E70)+F70+G70+H70+I70+J70+K70 -> 3278.9049 | M70: =N70/O70 -> 0.27208312 | N70: =O70-L70 -> 1225.5996 | O70: =P70/$O$4 -> 4504.5045 | P70: 5000 | Q70: =P70/E70 -> 5000 | AH70: =AR70*$AH$3 -> 0 | AI70: =AR70*$AI$3 -> 0 | AJ70: =AR70*$AJ$3 -> 0 | AK70: =AR70*$AK$3 -> 0 | AL70: 1250 | AM70: =AF70*$AM$3 -> 0 | AN70: =(R70*AG70)+AH70+AI70+AJ70+AK70+AL70+AM70 -> 1250 | AO70: =AP70/AQ70 -> #DIV/0! | AP70: =AQ70-AN70 -> -1250 | AQ70: =AR70/$O$4 -> 0 | AS70: =AR70/AG70 -> #DIV/0!
C71: =B71*$C$4 -> 0 | D71: =C71/$D$4 -> 0
C72: =B72*$C$4 -> 0 | D72: =C72/$D$4 -> 0
A73: MIX
A75: CRICKET MINI PRINT UV | B75: =175000/50+2000 -> 5500 | C75: =B75 -> 5500 | D75: =C75/$D$4 -> 4954.955 | E75: 10 | F75: =P75*$F$3 -> 9794 | G75: =P75*$G$3 -> 6640 | H75: =P75*$H$3 -> 3735 | I75: =P75*$I$3 -> 1494 | J75: 1250 | K75: =D75*$K$3 -> 396.3964 | L75: =(D75*E75)+F75+G75+H75+I75+J75+K75 -> 72858.946 | M75: =N75/O75 -> 0.025621325 | N75: =O75-L75 -> 1915.8288 | O75: =P75/$O$4 -> 74774.775 | P75: 83000 | Q75: =P75/E75 -> 8300
A76: CRICKET ELEKTRIK PRINT UV | B76: =187500/25+2000 -> 9500 | C76: =B76 -> 9500 | D76: =C76/$D$4 -> 8558.5586 | E76: 10 | F76: =P76*$F$3 -> 16402 | G76: =P76*$G$3 -> 11120 | H76: =P76*$H$3 -> 6255 | I76: =P76*$I$3 -> 2502 | J76: 1250 | K76: =D76*$K$3 -> 684.68468 | L76: =(D76*E76)+F76+G76+H76+I76+J76+K76 -> 123799.27 | M76: =N76/O76 -> 0.011387122 | N76: =O76-L76 -> 1425.955 | O76: =P76/$O$4 -> 125225.23 | P76: 139000 | Q76: =P76/E76 -> 13900
A77: XHD39 TOSCA | B77: =9900/10 -> 990 | C77: =B77 -> 990 | D77: =C77/$D$4 -> 891.89189 | E77: 2 | F77: =P77*$F$3 -> 2006 | G77: =P77*$G$3 -> 1360 | H77: =P77*$H$3 -> 765 | I77: =P77*$I$3 -> 306 | J77: 1250 | K77: =D77*$K$3 -> 71.351351 | L77: =(D77*E77)+F77+G77+H77+I77+J77+K77 -> 7542.1351 | M77: =N77/O77 -> 0.50754294 | N77: =O77-L77 -> 7773.1802 | O77: =P77/$O$4 -> 15315.315 | P77: 17000 | Q77: =P77/E77 -> 8500
A78: XHD88 5WARNA | B78: =9900/10 -> 990 | C78: =B78 -> 990 | D78: =C78/$D$4 -> 891.89189 | E78: 2 | F78: =P78*$F$3 -> 2006 | G78: =P78*$G$3 -> 1360 | H78: =P78*$H$3 -> 765 | I78: =P78*$I$3 -> 306 | J78: 1250 | K78: =D78*$K$3 -> 71.351351 | L78: =(D78*E78)+F78+G78+H78+I78+J78+K78 -> 7542.1351 | M78: =N78/O78 -> 0.50754294 | N78: =O78-L78 -> 7773.1802 | O78: =P78/$O$4 -> 15315.315 | P78: 17000 | Q78: =P78/E78 -> 8500
Q79: =P79/E79 -> #DIV/0!
A83: ICQ
A84: ICQ ORIE | B84: 1951 | C84: =B84*$C$4 -> 1599.82 | D84: =C84/$D$4 -> 1441.2793 | E84: 5 | F84: =P84*$F$3 -> 1888 | G84: =P84*$G$3 -> 1280 | H84: =P84*$H$3 -> 720 | I84: =P84*$I$3 -> 288 | J84: 1250 | K84: =C84*$K$3*E84 -> 639.928 | L84: =(D84*E84)+F84+G84+H84+I84+J84+K84 -> 13272.324 | M84: =N84/O84 -> 0.079232495 | N84: =O84-L84 -> 1142.09 | O84: =P84/$O$4 -> 14414.414 | P84: 16000 | Q84: =P84/E84 -> 3200 | S84: 50 | T84: =AD84*$T$3 -> 18135 | U84: =AD84*$U$3 -> 12400 | V84: =AD84*$V$3 -> 6975 | W84: =AD84*$W$3 -> 2790 | X84: 1250 | Y84: =C84*$Y$3*S84 -> 6399.28 | Z84: =(D84*S84)+T84+U84+V84+W84+X84+Y84 -> 120013.24 | AA84: =AB84/AC84 -> 0.14055032 | AB84: =AC84-Z84 -> 19626.396 | AC84: =AD84/$O$4 -> 139639.64 | AD84: 155000 | AE84: =AD84/S84 -> 3100 | AH84: =AR84*$AH$3 -> 0 | AI84: =AR84*$AI$3 -> 0 | AJ84: =AR84*$AJ$3 -> 0 | AK84: =AR84*$AK$3 -> 0 | AL84: 1250 | AM84: =AF84*$AM$3 -> 0 | AN84: =(R84*AG84)+AH84+AI84+AJ84+AK84+AL84+AM84 -> 1250 | AO84: =AP84/AQ84 -> #DIV/0! | AP84: =AQ84-AN84 -> -1250 | AQ84: =AR84/$O$4 -> 0 | AS84: =AR84/AG84 -> #DIV/0!
A85: ICQ MAGNET | B85: 2700 | C85: =B85*$C$4 -> 2214 | D85: =C85/$D$4 -> 1994.5946 | E85: 5 | F85: =P85*$F$3 -> 2360 | G85: =P85*$G$3 -> 1600 | H85: =P85*$H$3 -> 900 | I85: =P85*$I$3 -> 360 | J85: 1250 | K85: =C85*$K$3*E85 -> 885.6 | L85: =(D85*E85)+F85+G85+H85+I85+J85+K85 -> 17328.573 | M85: =N85/O85 -> 0.0382642 | N85: =O85-L85 -> 689.44505 | O85: =P85/$O$4 -> 18018.018 | P85: 20000 | Q85: =P85/E85 -> 4000 | S85: 50 | T85: =AD85*$T$3 -> 20896.2 | U85: =AD85*$U$3 -> 14288 | V85: =AD85*$V$3 -> 8037 | W85: =AD85*$W$3 -> 3214.8 | X85: 1250 | Y85: =C85*$Y$3*S85 -> 8856 | Z85: =(D85*S85)+T85+U85+V85+W85+X85+Y85 -> 156271.73 | AA85: =AB85/AC85 -> 0.028770325 | AB85: =AC85-Z85 -> 4629.1712 | AC85: =AD85/$O$4 -> 160900.9 | AD85: 178600 | AE85: =AD85/S85 -> 3572 | AH85: =AR85*$AH$3 -> 0 | AI85: =AR85*$AI$3 -> 0 | AJ85: =AR85*$AJ$3 -> 0 | AK85: =AR85*$AK$3 -> 0 | AL85: 1250 | AM85: =AF85*$AM$3 -> 0 | AN85: =(R85*AG85)+AH85+AI85+AJ85+AK85+AL85+AM85 -> 1250 | AO85: =AP85/AQ85 -> #DIV/0! | AP85: =AQ85-AN85 -> -1250 | AQ85: =AR85/$O$4 -> 0 | AS85: =AR85/AG85 -> #DIV/0!
A86: ICQ BARA TURBO | B86: 3700 | C86: =B86*$C$4 -> 3034 | D86: =C86/$D$4 -> 2733.3333 | E86: 3 | F86: =P86*$F$3 -> 2100.4 | G86: =P86*$G$3 -> 1424 | H86: =P86*$H$3 -> 801 | I86: =P86*$I$3 -> 320.4 | J86: 1250 | K86: =C86*$K$3*E86 -> 728.16 | L86: =(D86*E86)+F86+G86+H86+I86+J86+K86 -> 14823.96 | M86: =N86/O86 -> 0.075584517 | N86: =O86-L86 -> 1212.076 | O86: =P86/$O$4 -> 16036.036 | P86: 17800 | Q86: =P86/E86 -> 5933.3333 | S86: 50 | T86: =AD86*$T$3 -> 29016 | U86: =AD86*$U$3 -> 19840 | V86: =AD86*$V$3 -> 11160 | W86: =AD86*$W$3 -> 4464 | X86: 1250 | Y86: =C86*$Y$3*S86 -> 12136 | Z86: =(D86*S86)+T86+U86+V86+W86+X86+Y86 -> 214532.67 | AA86: =AB86/AC86 -> 0.039793306 | AB86: =AC86-Z86 -> 8890.7568 | AC86: =AD86/$O$4 -> 223423.42 | AD86: 248000 | AE86: =AD86/S86 -> 4960 | AH86: =AR86*$AH$3 -> 0 | AI86: =AR86*$AI$3 -> 0 | AJ86: =AR86*$AJ$3 -> 0 | AK86: =AR86*$AK$3 -> 0 | AL86: 1250 | AM86: =AF86*$AM$3 -> 0 | AN86: =(R86*AG86)+AH86+AI86+AJ86+AK86+AL86+AM86 -> 1250 | AO86: =AP86/AQ86 -> #DIV/0! | AP86: =AQ86-AN86 -> -1250 | AQ86: =AR86/$O$4 -> 0 | AS86: =AR86/AG86 -> #DIV/0!
A87: ICQ BARA CUSTOM | B87: =B86+2000 -> 5700 | C87: =B87*$C$4 -> 4674 | D87: =C87/$D$4 -> 4210.8108 | E87: 5 | F87: =P87*$F$3 -> 5310 | G87: =P87*$G$3 -> 3600 | H87: =P87*$H$3 -> 2025 | I87: =P87*$I$3 -> 810 | J87: 1250 | K87: =C87*$K$3*E87 -> 1869.6 | L87: =(D87*E87)+F87+G87+H87+I87+J87+K87 -> 35918.654 | M87: =N87/O87 -> 0.11400653 | N87: =O87-L87 -> 4621.8865 | O87: =P87/$O$4 -> 40540.541 | P87: 45000 | Q87: =P87/E87 -> 9000 | S87: 50 | T87: =AD87*$T$3 -> 45513 | U87: =AD87*$U$3 -> 31120 | V87: =AD87*$V$3 -> 17505 | W87: =AD87*$W$3 -> 7002 | X87: 1250 | Y87: =C87*$Y$3*S87 -> 18696 | Z87: =(D87*S87)+T87+U87+V87+W87+X87+Y87 -> 331626.54 | AA87: =AB87/AC87 -> 0.05371347 | AB87: =AC87-Z87 -> 18823.91 | AC87: =AD87/$O$4 -> 350450.45 | AD87: 389000 | AE87: =AD87/S87 -> 7780 | AH87: =AR87*$AH$3 -> 0 | AI87: =AR87*$AI$3 -> 0 | AJ87: =AR87*$AJ$3 -> 0 | AK87: =AR87*$AK$3 -> 0 | AL87: 1250 | AM87: =AF87*$AM$3 -> 0 | AN87: =(R87*AG87)+AH87+AI87+AJ87+AK87+AL87+AM87 -> 1250 | AO87: =AP87/AQ87 -> #DIV/0! | AP87: =AQ87-AN87 -> -1250 | AQ87: =AR87/$O$4 -> 0 | AS87: =AR87/AG87 -> #DIV/0!
A88: ICQ MINIE | B88: 6500 | C88: =B88*$C$4 -> 5330 | D88: =C88/$D$4 -> 4801.8018 | E88: 1 | F88: =P88*$F$3 -> 1357 | G88: =P88*$G$3 -> 920 | H88: =P88*$H$3 -> 517.5 | I88: =P88*$I$3 -> 207 | J88: 1250 | K88: =C88*$K$3*E88 -> 426.4 | L88: =(D88*E88)+F88+G88+H88+I88+J88+K88 -> 9479.7018 | M88: =N88/O88 -> 0.085002696 | N88: =O88-L88 -> 880.65856 | O88: =P88/$O$4 -> 10360.36 | P88: 11500 | Q88: =P88/E88 -> 11500 | S88: 25 | T88: =AD88*$T$3 -> 24979.5 | U88: =AD88*$U$3 -> 17080 | V88: =AD88*$V$3 -> 9607.5 | W88: =AD88*$W$3 -> 3843 | X88: 1250 | Y88: =C88*$Y$3*S88 -> 10660 | Z88: =(D88*S88)+T88+U88+V88+W88+X88+Y88 -> 187465.05 | AA88: =AB88/AC88 -> 0.025357377 | AB88: =AC88-Z88 -> 4877.2973 | AC88: =AD88/$O$4 -> 192342.34 | AD88: 213500 | AE88: =AD88/S88 -> 8540 | AH88: =AR88*$AH$3 -> 0 | AI88: =AR88*$AI$3 -> 0 | AJ88: =AR88*$AJ$3 -> 0 | AK88: =AR88*$AK$3 -> 0 | AL88: 1250 | AM88: =AF88*$AM$3 -> 0 | AN88: =(R88*AG88)+AH88+AI88+AJ88+AK88+AL88+AM88 -> 1250 | AO88: =AP88/AQ88 -> #DIV/0! | AP88: =AQ88-AN88 -> -1250 | AQ88: =AR88/$O$4 -> 0 | AS88: =AR88/AG88 -> #DIV/0!
A89: ICQ CLASSIE | B89: 11500 | C89: =B89*$C$4 -> 9430 | D89: =C89/$D$4 -> 8495.4955 | E89: 1 | F89: =P89*$F$3 -> 2006 | G89: =P89*$G$3 -> 1360 | H89: =P89*$H$3 -> 765 | I89: =P89*$I$3 -> 306 | J89: 1250 | K89: =C89*$K$3*E89 -> 754.4 | L89: =(D89*E89)+F89+G89+H89+I89+J89+K89 -> 14936.896 | M89: =N89/O89 -> 0.024708588 | N89: =O89-L89 -> 378.41982 | O89: =P89/$O$4 -> 15315.315 | P89: 17000 | Q89: =P89/E89 -> 17000 | T89: =AD89*$T$3 -> 0 | U89: =AD89*$U$3 -> 0 | V89: =AD89*$V$3 -> 0 | W89: =AD89*$W$3 -> 0 | X89: 1250 | Y89: =C89*$Y$3*S89 -> 0 | Z89: =(D89*S89)+T89+U89+V89+W89+X89+Y89 -> 1250 | AA89: =AB89/AC89 -> #DIV/0! | AB89: =AC89-Z89 -> -1250 | AC89: =AD89/$O$4 -> 0 | AE89: =AD89/S89 -> #DIV/0! | AH89: =AR89*$AH$3 -> 0 | AI89: =AR89*$AI$3 -> 0 | AJ89: =AR89*$AJ$3 -> 0 | AK89: =AR89*$AK$3 -> 0 | AL89: 1250 | AM89: =AF89*$AM$3 -> 0 | AN89: =(R89*AG89)+AH89+AI89+AJ89+AK89+AL89+AM89 -> 1250 | AO89: =AP89/AQ89 -> #DIV/0! | AP89: =AQ89-AN89 -> -1250 | AQ89: =AR89/$O$4 -> 0 | AS89: =AR89/AG89 -> #DIV/0!
F90: =P90*$F$3 -> 0 | G90: =P90*$G$3 -> 0 | H90: =P90*$H$3 -> 0 | I90: =P90*$I$3 -> 0 | J90: 1250 | K90: =C90*$K$3*E90 -> 0 | L90: =(D90*E90)+F90+G90+H90+I90+J90+K90 -> 1250 | T90: =AD90*$T$3 -> 0 | U90: =AD90*$U$3 -> 0 | V90: =AD90*$V$3 -> 0 | W90: =AD90*$W$3 -> 0 | X90: 1250 | Y90: =C90*$Y$3*S90 -> 0 | Z90: =(D90*S90)+T90+U90+V90+W90+X90+Y90 -> 1250
A91: ICQ ORIE 5 GRATIS 1 | B91: =B84 -> 1951 | C91: =B91*$C$4 -> 1599.82 | D91: =C91/$D$4 -> 1441.2793 | E91: 6 | F91: =P91*$F$3 -> 2088.6 | G91: =P91*$G$3 -> 1416 | H91: =P91*$H$3 -> 796.5 | I91: =P91*$I$3 -> 318.6 | J91: 1250 | K91: =C91*$K$3*E91 -> 767.9136 | L91: =(D91*E91)+F91+G91+H91+I91+J91+K91 -> 15285.289 | M91: =N91/O91 -> 0.041431012 | N91: =O91-L91 -> 660.65667 | O91: =P91/$O$4 -> 15945.946 | P91: 17700 | Q91: =P91/E91 -> 2950 | T91: =AD91*$T$3 -> 0 | U91: =AD91*$U$3 -> 0 | V91: =AD91*$V$3 -> 0 | W91: =AD91*$W$3 -> 0 | X91: 1250 | Y91: =C91*$Y$3*S91 -> 0 | Z91: =(D91*S91)+T91+U91+V91+W91+X91+Y91 -> 1250
A92: ICQ MAGNET 5 GRATIS 1 | B92: =B85 -> 2700 | C92: =B92*$C$4 -> 2214 | D92: =C92/$D$4 -> 1994.5946 | E92: 6 | F92: =P92*$F$3 -> 2950 | G92: =P92*$G$3 -> 2000 | H92: =P92*$H$3 -> 1125 | I92: =P92*$I$3 -> 450 | J92: 1250 | K92: =C92*$K$3*E92 -> 1062.72 | L92: =(D92*E92)+F92+G92+H92+I92+J92+K92 -> 20805.288 | M92: =N92/O92 -> 0.076245232 | N92: =O92-L92 -> 1717.235 | O92: =P92/$O$4 -> 22522.523 | P92: 25000 | Q92: =P92/E92 -> 4166.6667 | T92: =AD92*$T$3 -> 0 | U92: =AD92*$U$3 -> 0 | V92: =AD92*$V$3 -> 0 | W92: =AD92*$W$3 -> 0 | X92: 1250 | Y92: =C92*$Y$3*S92 -> 0 | Z92: =(D92*S92)+T92+U92+V92+W92+X92+Y92 -> 1250
A93: ICQ BARA TURBO 5 GRATIS 1 | B93: =B86 -> 3700 | C93: =B93*$C$4 -> 3034 | D93: =C93/$D$4 -> 2733.3333 | E93: 6 | F93: =P93*$F$3 -> 3776 | G93: =P93*$G$3 -> 2560 | H93: =P93*$H$3 -> 1440 | I93: =P93*$I$3 -> 576 | J93: 1250 | K93: =C93*$K$3*E93 -> 1456.32 | L93: =(D93*E93)+F93+G93+H93+I93+J93+K93 -> 27458.32 | M93: =N93/O93 -> 0.047539525 | N93: =O93-L93 -> 1370.5088 | O93: =P93/$O$4 -> 28828.829 | P93: 32000 | Q93: =P93/E93 -> 5333.3333 | T93: =AD93*$T$3 -> 0 | U93: =AD93*$U$3 -> 0 | V93: =AD93*$V$3 -> 0 | W93: =AD93*$W$3 -> 0 | X93: 1250 | Y93: =C93*$Y$3*S93 -> 0 | Z93: =(D93*S93)+T93+U93+V93+W93+X93+Y93 -> 1250
C94: =B94*$C$4 -> 0 | D94: =C94/$D$4 -> 0 | F94: =P94*$F$3 -> 0 | G94: =P94*$G$3 -> 0 | H94: =P94*$H$3 -> 0 | I94: =P94*$I$3 -> 0 | J94: 1250 | K94: =C94*$K$3*E94 -> 0 | L94: =(D94*E94)+F94+G94+H94+I94+J94+K94 -> 1250 | M94: =N94/O94 -> #DIV/0! | N94: =O94-L94 -> -1250 | O94: =P94/$O$4 -> 0 | Q94: =P94/E94 -> #DIV/0! | T94: =AD94*$T$3 -> 0 | U94: =AD94*$U$3 -> 0 | V94: =AD94*$V$3 -> 0 | W94: =AD94*$W$3 -> 0 | X94: 1250 | Y94: =C94*$Y$3*S94 -> 0 | Z94: =(D94*S94)+T94+U94+V94+W94+X94+Y94 -> 1250
A95: CLASSIE 3 + MINIE 3 | B95: =B89*3+B88*3 -> 54000 | C95: =B95*$C$4 -> 44280 | D95: =C95/$D$4 -> 39891.892 | E95: 1 | F95: =P95*$F$3 -> 0 | G95: =P95*$G$3 -> 0 | H95: =P95*$H$3 -> 0 | I95: =P95*$I$3 -> 0 | J95: 1250 | K95: =C95*$K$3*E95 -> 3542.4 | L95: =(D95*E95)+F95+G95+H95+I95+J95+K95 -> 44684.292 | M95: =N95/O95 -> #DIV/0! | N95: =O95-L95 -> -44684.292 | O95: =P95/$O$4 -> 0 | Q95: =P95/E95 -> 0 | T95: =AD95*$T$3 -> 0 | U95: =AD95*$U$3 -> 0 | V95: =AD95*$V$3 -> 0 | W95: =AD95*$W$3 -> 0 | X95: 1250 | Y95: =C95*$Y$3*S95 -> 0 | Z95: =(D95*S95)+T95+U95+V95+W95+X95+Y95 -> 1250
A96: MINIE 3 + ORIE 3 | B96: =B88*3+B84*3 -> 25353 | C96: =B96*$C$4 -> 20789.46 | D96: =C96/$D$4 -> 18729.243 | E96: 1 | F96: =P96*$F$3 -> 0 | G96: =P96*$G$3 -> 0 | H96: =P96*$H$3 -> 0 | I96: =P96*$I$3 -> 0 | J96: 1250 | K96: =C96*$K$3*E96 -> 1663.1568 | L96: =(D96*E96)+F96+G96+H96+I96+J96+K96 -> 21642.4 | M96: =N96/O96 -> #DIV/0! | N96: =O96-L96 -> -21642.4 | O96: =P96/$O$4 -> 0 | Q96: =P96/E96 -> 0 | T96: =AD96*$T$3 -> 0 | U96: =AD96*$U$3 -> 0 | V96: =AD96*$V$3 -> 0 | W96: =AD96*$W$3 -> 0 | X96: 1250 | Y96: =C96*$Y$3*S96 -> 0 | Z96: =(D96*S96)+T96+U96+V96+W96+X96+Y96 -> 1250
A97: MINIE 3 + MAGNET 3 | B97: =B88*3+B85*3 -> 27600 | C97: =B97*$C$4 -> 22632 | D97: =C97/$D$4 -> 20389.189 | E97: 1 | F97: =P97*$F$3 -> 0 | G97: =P97*$G$3 -> 0 | H97: =P97*$H$3 -> 0 | I97: =P97*$I$3 -> 0 | J97: 1250 | K97: =C97*$K$3*E97 -> 1810.56 | L97: =(D97*E97)+F97+G97+H97+I97+J97+K97 -> 23449.749 | M97: =N97/O97 -> #DIV/0! | N97: =O97-L97 -> -23449.749 | O97: =P97/$O$4 -> 0 | Q97: =P97/E97 -> 0 | T97: =AD97*$T$3 -> 0 | U97: =AD97*$U$3 -> 0 | V97: =AD97*$V$3 -> 0 | W97: =AD97*$W$3 -> 0 | X97: 1250 | Y97: =C97*$Y$3*S97 -> 0 | Z97: =(D97*S97)+T97+U97+V97+W97+X97+Y97 -> 1250
A99: ICQ ORIE BOX FREE 5PCS | B99: =B84 -> 1951 | C99: =B99*$C$4 -> 1599.82 | D99: =C99/$D$4 -> 1441.2793 | E99: 55 | F99: =P99*$F$3 -> 19169.1 | G99: =P99*$G$3 -> 12996 | H99: =P99*$H$3 -> 7310.25 | I99: =P99*$I$3 -> 2924.1 | J99: 1250 | K99: =C99*$K$3*E99 -> 7039.208 | L99: =(D99*E99)+F99+G99+H99+I99+J99+K99 -> 129959.02 | M99: =N99/O99 -> 0.11200671 | N99: =O99-L99 -> 16392.333 | O99: =P99/$O$4 -> 146351.35 | P99: 162450 | Q99: =P99/E99 -> 2953.6364 | T99: =AD99*$T$3 -> 0 | U99: =AD99*$U$3 -> 0 | V99: =AD99*$V$3 -> 0 | W99: =AD99*$W$3 -> 0 | X99: 1250 | Y99: =R99*$Y$3 -> 0 | Z99: =(D99*S99)+T99+U99+V99+W99+X99+Y99 -> 1250 | AA99: =AB99/AC99 -> #DIV/0! | AB99: =AC99-Z99 -> -1250 | AC99: =AD99/$O$4 -> 0 | AE99: =AD99/S99 -> #DIV/0! | AH99: =AR99*$AH$3 -> 0 | AI99: =AR99*$AI$3 -> 0 | AJ99: =AR99*$AJ$3 -> 0 | AK99: =AR99*$AK$3 -> 0 | AL99: 1250 | AM99: =AF99*$AM$3 -> 0 | AN99: =(R99*AG99)+AH99+AI99+AJ99+AK99+AL99+AM99 -> 1250 | AO99: =AP99/AQ99 -> #DIV/0! | AP99: =AQ99-AN99 -> -1250 | AQ99: =AR99/$O$4 -> 0 | AS99: =AR99/AG99 -> #DIV/0!
A100: ICQ MAGNET BOX FREE 5PCS | B100: =B85 -> 2700 | C100: =B100*$C$4 -> 2214 | D100: =C100/$D$4 -> 1994.5946 | E100: 55 | F100: =P100*$F$3 -> 23246 | G100: =P100*$G$3 -> 15760 | H100: =P100*$H$3 -> 8865 | I100: =P100*$I$3 -> 3546 | J100: 1250 | K100: =C100*$K$3*E100 -> 9741.6 | L100: =(D100*E100)+F100+G100+H100+I100+J100+K100 -> 172111.3 | M100: =N100/O100 -> 0.030235807 | N100: =O100-L100 -> 5366.1748 | O100: =P100/$O$4 -> 177477.48 | P100: 197000 | Q100: =P100/E100 -> 3581.8182 | T100: =AD100*$T$3 -> 0 | U100: =AD100*$U$3 -> 0 | V100: =AD100*$V$3 -> 0 | W100: =AD100*$W$3 -> 0 | X100: 1250 | Y100: =R100*$Y$3 -> 0 | Z100: =(D100*S100)+T100+U100+V100+W100+X100+Y100 -> 1250 | AA100: =AB100/AC100 -> #DIV/0! | AB100: =AC100-Z100 -> -1250 | AC100: =AD100/$O$4 -> 0 | AE100: =AD100/S100 -> #DIV/0! | AH100: =AR100*$AH$3 -> 0 | AI100: =AR100*$AI$3 -> 0 | AJ100: =AR100*$AJ$3 -> 0 | AK100: =AR100*$AK$3 -> 0 | AL100: 1250 | AM100: =AF100*$AM$3 -> 0 | AN100: =(R100*AG100)+AH100+AI100+AJ100+AK100+AL100+AM100 -> 1250 | AO100: =AP100/AQ100 -> #DIV/0! | AP100: =AQ100-AN100 -> -1250 | AQ100: =AR100/$O$4 -> 0 | AS100: =AR100/AG100 -> #DIV/0!
A101: ICQ BARA TURBO BOX FREE 5PCS | B101: =B86 -> 3700 | C101: =B101*$C$4 -> 3034 | D101: =C101/$D$4 -> 2733.3333 | E101: 55 | F101: =P101*$F$3 -> 31742 | G101: =P101*$G$3 -> 21520 | H101: =P101*$H$3 -> 12105 | I101: =P101*$I$3 -> 4842 | J101: 1250 | K101: =C101*$K$3*E101 -> 13349.6 | L101: =(D101*E101)+F101+G101+H101+I101+J101+K101 -> 235141.93 | M101: =N101/O101 -> 0.029711725 | N101: =O101-L101 -> 7200.409 | O101: =P101/$O$4 -> 242342.34 | P101: 269000 | Q101: =P101/E101 -> 4890.9091 | T101: =AD101*$T$3 -> 0 | U101: =AD101*$U$3 -> 0 | V101: =AD101*$V$3 -> 0 | W101: =AD101*$W$3 -> 0 | X101: 1250 | Y101: =R101*$Y$3 -> 0 | Z101: =(D101*S101)+T101+U101+V101+W101+X101+Y101 -> 1250 | AA101: =AB101/AC101 -> #DIV/0! | AB101: =AC101-Z101 -> -1250 | AC101: =AD101/$O$4 -> 0 | AE101: =AD101/S101 -> #DIV/0! | AH101: =AR101*$AH$3 -> 0 | AI101: =AR101*$AI$3 -> 0 | AJ101: =AR101*$AJ$3 -> 0 | AK101: =AR101*$AK$3 -> 0 | AL101: 1250 | AM101: =AF101*$AM$3 -> 0 | AN101: =(R101*AG101)+AH101+AI101+AJ101+AK101+AL101+AM101 -> 1250 | AO101: =AP101/AQ101 -> #DIV/0! | AP101: =AQ101-AN101 -> -1250 | AQ101: =AR101/$O$4 -> 0 | AS101: =AR101/AG101 -> #DIV/0!
A102: ICQ MINIE BOX FREE 5PCS | B102: =B88 -> 6500 | C102: =B102*$C$4 -> 5330 | D102: =C102/$D$4 -> 4801.8018 | E102: 30 | F102: =P102*$F$3 -> 30208 | G102: =P102*$G$3 -> 20480 | H102: =P102*$H$3 -> 11520 | I102: =P102*$I$3 -> 4608 | J102: 1250 | K102: =C102*$K$3*E102 -> 12792 | L102: =(D102*E102)+F102+G102+H102+I102+J102+K102 -> 224912.05 | M102: =N102/O102 -> 0.024795391 | N102: =O102-L102 -> 5718.5766 | O102: =P102/$O$4 -> 230630.63 | P102: 256000 | Q102: =P102/E102 -> 8533.3333 | T102: =AD102*$T$3 -> 0 | U102: =AD102*$U$3 -> 0 | V102: =AD102*$V$3 -> 0 | W102: =AD102*$W$3 -> 0 | X102: 1250 | Y102: =R102*$Y$3 -> 0 | Z102: =(D102*S102)+T102+U102+V102+W102+X102+Y102 -> 1250 | AA102: =AB102/AC102 -> #DIV/0! | AB102: =AC102-Z102 -> -1250 | AC102: =AD102/$O$4 -> 0 | AE102: =AD102/S102 -> #DIV/0! | AH102: =AR102*$AH$3 -> 0 | AI102: =AR102*$AI$3 -> 0 | AJ102: =AR102*$AJ$3 -> 0 | AK102: =AR102*$AK$3 -> 0 | AL102: 1250 | AM102: =AF102*$AM$3 -> 0 | AN102: =(R102*AG102)+AH102+AI102+AJ102+AK102+AL102+AM102 -> 1250 | AO102: =AP102/AQ102 -> #DIV/0! | AP102: =AQ102-AN102 -> -1250 | AQ102: =AR102/$O$4 -> 0 | AS102: =AR102/AG102 -> #DIV/0!
A103: ICQ CLASSIE 3PCS FREE 1 pcs | B103: =B89 -> 11500 | C103: =B103*$C$4 -> 9430 | D103: =C103/$D$4 -> 8495.4955 | E103: 4 | F103: =P103*$F$3 -> 7316 | G103: =P103*$G$3 -> 4960 | H103: =P103*$H$3 -> 2790 | I103: =P103*$I$3 -> 1116 | J103: 1250 | K103: =C103*$K$3*E103 -> 3017.6 | L103: =(D103*E103)+F103+G103+H103+I103+J103+K103 -> 54431.582 | M103: =N103/O103 -> 0.025499097 | N103: =O103-L103 -> 1424.2739 | O103: =P103/$O$4 -> 55855.856 | P103: 62000 | Q103: =P103/E103 -> 15500 | T103: =AD103*$T$3 -> 0 | U103: =AD103*$U$3 -> 0 | V103: =AD103*$V$3 -> 0 | W103: =AD103*$W$3 -> 0 | X103: 1250 | Y103: =R103*$Y$3 -> 0 | Z103: =(D103*S103)+T103+U103+V103+W103+X103+Y103 -> 1250 | AA103: =AB103/AC103 -> #DIV/0! | AB103: =AC103-Z103 -> -1250 | AC103: =AD103/$O$4 -> 0 | AE103: =AD103/S103 -> #DIV/0! | AH103: =AR103*$AH$3 -> 0 | AI103: =AR103*$AI$3 -> 0 | AJ103: =AR103*$AJ$3 -> 0 | AK103: =AR103*$AK$3 -> 0 | AL103: 1250 | AM103: =AF103*$AM$3 -> 0 | AN103: =(R103*AG103)+AH103+AI103+AJ103+AK103+AL103+AM103 -> 1250 | AO103: =AP103/AQ103 -> #DIV/0! | AP103: =AQ103-AN103 -> -1250 | AQ103: =AR103/$O$4 -> 0 | AS103: =AR103/AG103 -> #DIV/0!
A104: PAKET BUNDLING ICQ & CROCKIE
A105: ICQ BARA 5PCS + C. GAS B. 1PCS | B105: =B86*5+B13 -> 24400 | C105: =B105*$C$4 -> 20008 | D105: =C105/$D$4 -> 18025.225 | E105: 1 | F105: =P105*$F$3 -> 4012 | G105: =P105*$G$3 -> 2720 | H105: =P105*$H$3 -> 1530 | I105: =P105*$I$3 -> 612 | J105: 1250 | K105: =C105*$K$3*E105 -> 1600.64 | L105: =(D105*E105)+F105+G105+H105+I105+J105+K105 -> 29749.865 | M105: =N105/O105 -> 0.0287544 | N105: =O105-L105 -> 880.76541 | O105: =P105/$O$4 -> 30630.631 | P105: 34000 | Q105: =P105/E105 -> 34000 | AH105: =AR105*$AH$3 -> 0 | AI105: =AR105*$AI$3 -> 0 | AJ105: =AR105*$AJ$3 -> 0 | AK105: =AR105*$AK$3 -> 0 | AL105: 1250 | AM105: =AF105*$AM$3 -> 0 | AN105: =(R105*AG105)+AH105+AI105+AJ105+AK105+AL105+AM105 -> 1250 | AO105: =AP105/AQ105 -> #DIV/0! | AP105: =AQ105-AN105 -> -1250 | AQ105: =AR105/$O$4 -> 0 | AS105: =AR105/AG105 -> #DIV/0!
...

Sheet HPP STAR
A1: Nama Produk STAR | B1: HARGA NASIONAL | C1: HARGA NASIONAL (PCS) | D1: HARGA NASIONAL (PCS) | E1: ECOM (PCS) | S1: ECOM (PCS/PACK) / BOX | AG1: ECOM CTN
E2: min (PCS) | F2: ADM MARKETPLACE (INC. PPN) | J2: Biaya | K2: BIAYA OPS | L2: HPP | M2: MARGIN ECOM | N2: PROFIT | O2: HARGA JUAL (PCS) | Q2: Harga Jual /pcs | S2: PACK (PCS) | T2: ADM MARKETPLACE (INC. PPN) | X2: Biaya | Y2: BIAYA OPS | Z2: HPP | AA2: MARGIN ECOM | AB2: PROFIT | AC2: HARGA JUAL (PACK) | AE2: HARGA JUAL SATUAN | AG2: (PCS) | AH2: ADM MARKETPLACE (INC. PPN) | AL2: Biaya | AM2: BIAYA OPS | AN2: HPP | AO2: MARGIN ECOM | AP2: PROFIT | AQ2: HARGA JUAL (PCS) | AS2: HARGA JUAL SATUAN) | AT2: CTN (PCS) | AU2: ADM MARKETPLACE (INC. PPN) | AV2: Biaya | AW2: BIAYA OPS | AX2: HPP | AY2: MARGIN CMS | AZ2: PROFIT | BA2: HARGA JUAL (PCS) | BC2: HARGA JUAL (BOX)
C3: (INC PPN) | D3: (EXC PPN) | F3: 0.1 | G3: 0.045 | H3: 0.08 | I3: 0 | J3: 1250 | K3: 0.07 | L3: (EXC PPN) | M3: 0.025 | O3: (EXC PPN) | P3: (INCL PPN) | T3: 0.1 | U3: 0.05 | V3: 0.08 | W3: 0 | X3: 1250 | Y3: 0.07 | Z3: (EXC PPN) | AA3: 0.025 | AC3: (EXC PPN) | AD3: (INC PPN) | AH3: 0.117 | AI3: 0.06 | AJ3: 0.045 | AK3: 0 | AM3: 0.05 | AN3: (EXC PPN) | AO3: 0.02 | AQ3: (EXC PPN) | AR3: (INC PPN) | AU3: 0.17 | AW3: 0.04 | AX3: (EXC PPN) | BA3: (EXC PPN) | BB3: (INC PPN)
A4: Per Pcs | C4: 0.82 | D4: 1.11 | O4: 1.11
A5: CROCKIE ORIGINAL | B5: ='HPP MALL'!B5 -> 3350 | C5: =B5*$C$4 -> 2747 | D5: =C5/$D$4 -> 2474.7748 | E5: 3 | F5: =P5*$F$3 -> 1500 | G5: =P5*$G$3 -> 675 | H5: =P5*$H$3 -> 1200 | I5: =P5*$I$3 -> 0 | J5: 1250 | K5: =D5*$K$3*E5 -> 519.7027 | L5: =(D5*E5)+F5+G5+H5+I5+J5+K5 -> 12569.027 | M5: =N5/O5 -> 0.069892 | N5: =O5-L5 -> 944.48649 | O5: =P5/$O$4 -> 13513.514 | P5: 15000 | Q5: =P5/E5 -> 5000 | S5: 50 | T5: =AD5*$T$3 -> 20500 | U5: =AD5*$U$3 -> 10250 | V5: =AD5*$V$3 -> 16400 | W5: =AD5*$W$3 -> 0 | X5: 1250 | Y5: =D5*$Y$3*S5 -> 8661.7117 | Z5: =(D5*S5)+T5+U5+V5+W5+X5+Y5 -> 180800.45 | AA5: =AB5/AC5 -> 0.021031707 | AB5: =AC5-Z5 -> 3884.2342 | AC5: =AD5/$O$4 -> 184684.68 | AD5: 205000 | AE5: =AD5/S5 -> 4100 | AG5: 500 | AH5: =AR5*$T$3 -> 196800 | AI5: =AR5*$U$3 -> 98400 | AJ5: =AR5*$V$3 -> 157440 | AK5: =AR5*$W$3 -> 0 | AL5: 1250 | AM5: =D5*$AM$3*AG5 -> 61869.369 | AN5: =(D5*AG5)+AH5+AI5+AJ5+AK5+AL5+AM5 -> 1753146.8 | AO5: =AP5/AQ5 -> 0.01118247 | AP5: =AQ5-AN5 -> 19826.216 | AQ5: =AR5/$O$4 -> 1772973 | AR5: 1968000 | AS5: =AR5/AG5 -> 3936
A6: CROCKIE MAGNET SUPER | B6: ='HPP MALL'!B6 -> 3500 | C6: =B6*$C$4 -> 2870 | D6: =C6/$D$4 -> 2585.5856 | E6: 3 | F6: =P6*$F$3 -> 1580 | G6: =P6*$G$3 -> 711 | H6: =P6*$H$3 -> 1264 | I6: =P6*$I$3 -> 0 | J6: 1250 | K6: =D6*$K$3*E6 -> 542.97297 | L6: =(D6*E6)+F6+G6+H6+I6+J6+K6 -> 13104.73 | M6: =N6/O6 -> 0.079351266 | N6: =O6-L6 -> 1129.5045 | O6: =P6/$O$4 -> 14234.234 | P6: 15800 | Q6: =P6/E6 -> 5266.6667 | S6: 50 | T6: =AD6*$T$3 -> 21400 | U6: =AD6*$U$3 -> 10700 | V6: =AD6*$V$3 -> 17120 | W6: =AD6*$W$3 -> 0 | X6: 1250 | Y6: =D6*$K$3*S6 -> 9049.5495 | Z6: =(D6*S6)+T6+U6+V6+W6+X6+Y6 -> 188798.83 | AA6: =AB6/AC6 -> 0.020716355 | AB6: =AC6-Z6 -> 3993.964 | AC6: =AD6/$O$4 -> 192792.79 | AD6: 214000 | AE6: =AD6/S6 -> 4280 | AG6: 500 | AH6: =AR6*$AH$3 -> 240669 | AI6: =AR6*$AI$3 -> 123420 | AJ6: =AR6*$AJ$3 -> 92565 | AK6: =AR6*$AK$3 -> 0 | AL6: 1250 | AM6: =D6*$AM$3*AG6 -> 64639.64 | AN6: =(D6*AG6)+AH6+AI6+AJ6+AK6+AL6+AM6 -> 1815336.4 | AO6: =AP6/AQ6 -> 0.020406689 | AP6: =AQ6-AN6 -> 37816.721 | AQ6: =AR6/$O$4 -> 1853153.2 | AR6: 2057000 | AS6: =AR6/AG6 -> 4114
A7: CROCKIE BARA TURBO | B7: ='HPP MALL'!B7 -> 4100 | C7: =B7*$C$4 -> 3362 | D7: =C7/$D$4 -> 3028.8288 | E7: 3 | F7: =P7*$F$3 -> 1700 | G7: =P7*$G$3 -> 765 | H7: =P7*$H$3 -> 1360 | I7: =P7*$I$3 -> 0 | J7: 1250 | K7: =D7*$K$3*E7 -> 636.05405 | L7: =(D7*E7)+F7+G7+H7+I7+J7+K7 -> 14797.541 | M7: =N7/O7 -> 0.033807647 | N7: =O7-L7 -> 517.77477 | O7: =P7/$O$4 -> 15315.315 | P7: 17000 | Q7: =P7/E7 -> 5666.6667 | S7: 25 | T7: =AD7*$T$3 -> 12600 | U7: =AD7*$U$3 -> 6300 | V7: =AD7*$V$3 -> 10080 | W7: =AD7*$W$3 -> 0 | X7: 1250 | Y7: =D7*$K$3*S7 -> 5300.4505 | Z7: =(D7*S7)+T7+U7+V7+W7+X7+Y7 -> 111251.17 | AA7: =AB7/AC7 -> 0.019930159 | AB7: =AC7-Z7 -> 2262.3423 | AC7: =AD7/$O$4 -> 113513.51 | AD7: 126000 | AE7: =AD7/S7 -> 5040 | AG7: 500 | AH7: =AR7*$AH$3 -> 279630 | AI7: =AR7*$AI$3 -> 143400 | AJ7: =AR7*$AJ$3 -> 107550 | AK7: =AR7*$AK$3 -> 0 | AL7: 1250 | AM7: =D7*$AM$3*AG7 -> 75720.721 | AN7: =(D7*AG7)+AH7+AI7+AJ7+AK7+AL7+AM7 -> 2121965.1 | AO7: =AP7/AQ7 -> 0.014484812 | AP7: =AQ7-AN7 -> 31188.018 | AQ7: =AR7/$O$4 -> 2153153.2 | AR7: 2390000 | AS7: =AR7/AG7 -> 4780
A8: CROCKIE SUPER JET | B8: ='HPP MALL'!B8 -> 25000 | C8: =B8*$C$4 -> 20500 | D8: =C8/$D$4 -> 18468.468 | E8: 1 | F8: =P8*$F$3 -> 3260 | G8: =P8*$G$3 -> 1467 | H8: =P8*$H$3 -> 2608 | I8: =P8*$I$3 -> 0 | J8: 1250 | K8: =D8*$K$3*E8 -> 1292.7928 | L8: =(D8*E8)+F8+G8+H8+I8+J8+K8 -> 28346.261 | M8: =N8/O8 -> 0.03483589 | N8: =O8-L8 -> 1023.1081 | O8: =P8/$O$4 -> 29369.369 | P8: 32600 | Q8: =P8/E8 -> 32600 | S8: 4 | T8: =AD8*$T$3 -> 12450 | U8: =AD8*$U$3 -> 6225 | V8: =AD8*$V$3 -> 9960 | W8: =AD8*$W$3 -> 0 | X8: 1250 | Y8: =D8*$K$3*S8 -> 5171.1712 | Z8: =(D8*S8)+T8+U8+V8+W8+X8+Y8 -> 108930.04 | AA8: =AB8/AC8 -> 0.028816466 | AB8: =AC8-Z8 -> 3232.1171 | AC8: =AD8/$O$4 -> 112162.16 | AD8: 124500 | AE8: =AD8/S8 -> 31125 | AG8: 100 | AH8: =AR8*$AH$3 -> 0 | AI8: =AR8*$AI$3 -> 0 | AJ8: =AR8*$AJ$3 -> 0 | AK8: =AR8*$AK$3 -> 0 | AL8: 1250 | AM8: =D8*$AM$3*AG8 -> 92342.342 | AN8: =(D8*AG8)+AH8+AI8+AJ8+AK8+AL8+AM8 -> 1940439.2 | AO8: =AP8/AQ8 -> #DIV/0! | AP8: =AQ8-AN8 -> -1940439.2 | AQ8: =AR8/$O$4 -> 0 | AS8: =AR8/AG8 -> 0
A9: CROCKIE IDEA | B9: ='HPP MALL'!B9 -> 10000 | C9: =B9*$C$4 -> 8200 | D9: =C9/$D$4 -> 7387.3874 | E9: 1 | F9: =P9*$F$3 -> 1450 | G9: =P9*$G$3 -> 652.5 | H9: =P9*$H$3 -> 1160 | I9: =P9*$I$3 -> 0 | J9: 1250 | K9: =D9*$K$3*E9 -> 517.11712 | L9: =(D9*E9)+F9+G9+H9+I9+J9+K9 -> 12417.004 | M9: =N9/O9 -> 0.049456897 | N9: =O9-L9 -> 646.05856 | O9: =P9/$O$4 -> 13063.063 | P9: 14500 | Q9: =P9/E9 -> 14500 | S9: 16 | T9: =AD9*$T$3 -> 19500 | U9: =AD9*$U$3 -> 9750 | V9: =AD9*$V$3 -> 15600 | W9: =AD9*$W$3 -> 0 | X9: 1250 | Y9: =D9*$K$3*S9 -> 8273.8739 | Z9: =(D9*S9)+T9+U9+V9+W9+X9+Y9 -> 172572.07 | AA9: =AB9/AC9 -> 0.017666667 | AB9: =AC9-Z9 -> 3103.6036 | AC9: =AD9/$O$4 -> 175675.68 | AD9: 195000 | AE9: =AD9/S9 -> 12187.5 | AH9: =AR9*$AH$3 -> 0 | AI9: =AR9*$AI$3 -> 0 | AJ9: =AR9*$AJ$3 -> 0 | AK9: =AR9*$AK$3 -> 0 | AL9: 1250 | AM9: =D9*$AM$3*AG9 -> 0 | AN9: =(D9*AG9)+AH9+AI9+AJ9+AK9+AL9+AM9 -> 1250 | AO9: =AP9/AQ9 -> #DIV/0! | AP9: =AQ9-AN9 -> -1250 | AQ9: =AR9/$O$4 -> 0 | AS9: =AR9/AG9 -> #DIV/0!
A10: CROCKIE FLEXIE | B10: ='HPP MALL'!B10 -> 15000 | C10: =B10*$C$4 -> 12300 | D10: =C10/$D$4 -> 11081.081 | E10: 1 | F10: =P10*$F$3 -> 2050 | G10: =P10*$G$3 -> 922.5 | H10: =P10*$H$3 -> 1640 | I10: =P10*$I$3 -> 0 | J10: 1250 | K10: =D10*$K$3*E10 -> 775.67568 | L10: =(D10*E10)+F10+G10+H10+I10+J10+K10 -> 17719.257 | M10: =N10/O10 -> 0.040567073 | N10: =O10-L10 -> 749.21171 | O10: =P10/$O$4 -> 18468.468 | P10: 20500 | Q10: =P10/E10 -> 20500 | S10: 4 | T10: =AD10*$T$3 -> 7450 | U10: =AD10*$U$3 -> 3725 | V10: =AD10*$V$3 -> 5960 | W10: =AD10*$W$3 -> 0 | X10: 1250 | Y10: =D10*$K$3*S10 -> 3102.7027 | Z10: =(D10*S10)+T10+U10+V10+W10+X10+Y10 -> 65812.027 | AA10: =AB10/AC10 -> 0.019444966 | AB10: =AC10-Z10 -> 1305.0901 | AC10: =AD10/$O$4 -> 67117.117 | AD10: 74500 | AE10: =AD10/S10 -> 18625 | AH10: =AR10*$AH$3 -> 0 | AI10: =AR10*$AI$3 -> 0 | AJ10: =AR10*$AJ$3 -> 0 | AK10: =AR10*$AK$3 -> 0 | AL10: 1250 | AM10: =D10*$AM$3*AG10 -> 0 | AN10: =(D10*AG10)+AH10+AI10+AJ10+AK10+AL10+AM10 -> 1250 | AO10: =AP10/AQ10 -> #DIV/0! | AP10: =AQ10-AN10 -> -1250 | AQ10: =AR10/$O$4 -> 0 | AS10: =AR10/AG10 -> #DIV/0!
A11: CROCKIE FLEXIE WINDPROOF | B11: ='HPP MALL'!B11 -> 18000 | C11: =B11*$C$4 -> 14760 | D11: =C11/$D$4 -> 13297.297 | E11: 1 | F11: =P11*$F$3 -> 2400 | G11: =P11*$G$3 -> 1080 | H11: =P11*$H$3 -> 1920 | I11: =P11*$I$3 -> 0 | J11: 1250 | K11: =D11*$K$3*E11 -> 930.81081 | L11: =(D11*E11)+F11+G11+H11+I11+J11+K11 -> 20878.108 | M11: =N11/O11 -> 0.0343875 | N11: =O11-L11 -> 743.51351 | O11: =P11/$O$4 -> 21621.622 | P11: 24000 | Q11: =P11/E11 -> 24000 | T11: =AD11*$T$3 -> 0 | U11: =AD11*$U$3 -> 0 | V11: =AD11*$V$3 -> 0 | W11: =AD11*$W$3 -> 0 | X11: 1250 | Y11: =D11*$K$3*S11 -> 0 | Z11: =(D11*S11)+T11+U11+V11+W11+X11+Y11 -> 1250 | AA11: =AB11/AC11 -> #DIV/0! | AB11: =AC11-Z11 -> -1250 | AC11: =AD11/$O$4 -> 0 | AE11: =AD11/S11 -> #DIV/0! | AH11: =AR11*$AH$3 -> 0 | AI11: =AR11*$AI$3 -> 0 | AJ11: =AR11*$AJ$3 -> 0 | AK11: =AR11*$AK$3 -> 0 | AL11: 1250 | AM11: =D11*$AM$3*AG11 -> 0 | AN11: =(D11*AG11)+AH11+AI11+AJ11+AK11+AL11+AM11 -> 1250 | AO11: =AP11/AQ11 -> #DIV/0! | AP11: =AQ11-AN11 -> -1250 | AQ11: =AR11/$O$4 -> 0 | AS11: =AR11/AG11 -> #DIV/0!
A12: CROCKIE POWER JET | B12: ='HPP MALL'!B12 -> 73000 | C12: =B12*$C$4 -> 59860 | D12: =C12/$D$4 -> 53927.928 | E12: 1 | F12: =P12*$F$3 -> 9050 | G12: =P12*$G$3 -> 4072.5 | H12: =P12*$H$3 -> 7240 | I12: =P12*$I$3 -> 0 | J12: 1250 | K12: =D12*$K$3*E12 -> 3774.955 | L12: =(D12*E12)+F12+G12+H12+I12+J12+K12 -> 79315.383 | M12: =N12/O12 -> 0.027181492 | N12: =O12-L12 -> 2216.1486 | O12: =P12/$O$4 -> 81531.532 | P12: 90500 | Q12: =P12/E12 -> 90500 | T12: =AD12*$T$3 -> 0 | U12: =AD12*$U$3 -> 0 | V12: =AD12*$V$3 -> 0 | W12: =AD12*$W$3 -> 0 | X12: 1250 | Y12: =D12*$K$3*S12 -> 0 | Z12: =(D12*S12)+T12+U12+V12+W12+X12+Y12 -> 1250 | AA12: =AB12/AC12 -> #DIV/0! | AB12: =AC12-Z12 -> -1250 | AC12: =AD12/$O$4 -> 0 | AE12: =AD12/S12 -> #DIV/0! | AH12: =AR12*$AH$3 -> 0 | AI12: =AR12*$AI$3 -> 0 | AJ12: =AR12*$AJ$3 -> 0 | AK12: =AR12*$AK$3 -> 0 | AL12: 1250 | AM12: =D12*$AM$3*AG12 -> 0 | AN12: =(D12*AG12)+AH12+AI12+AJ12+AK12+AL12+AM12 -> 1250 | AO12: =AP12/AQ12 -> #DIV/0! | AP12: =AQ12-AN12 -> -1250 | AQ12: =AR12/$O$4 -> 0 | AS12: =AR12/AG12 -> #DIV/0!
A13: CROCKIE GAS BUTANE | B13: ='HPP MALL'!B13 -> 5900 | C13: =B13*$C$4 -> 4838 | D13: =C13/$D$4 -> 4358.5586 | E13: 1 | F13: =P13*$F$3 -> 990 | G13: =P13*$G$3 -> 445.5 | H13: =P13*$H$3 -> 792 | I13: =P13*$I$3 -> 0 | J13: 1250 | K13: =D13*$K$3*E13 -> 305.0991 | L13: =(D13*E13)+F13+G13+H13+I13+J13+K13 -> 8141.1577 | M13: =N13/O13 -> 0.087203535 | N13: =O13-L13 -> 777.76126 | O13: =P13/$O$4 -> 8918.9189 | P13: 9900 | Q13: =P13/E13 -> 9900 | S13: 25 | T13: =AD13*$T$3 -> 18200 | U13: =AD13*$U$3 -> 9100 | V13: =AD13*$V$3 -> 14560 | W13: =AD13*$W$3 -> 0 | X13: 1250 | Y13: =D13*$K$3*S13 -> 7627.4775 | Z13: =(D13*S13)+T13+U13+V13+W13+X13+Y13 -> 159701.44 | AA13: =AB13/AC13 -> 0.025996703 | AB13: =AC13-Z13 -> 4262.5225 | AC13: =AD13/$O$4 -> 163963.96 | AD13: 182000 | AE13: =AD13/S13 -> 7280 | AG13: 300 | AH13: =AR13*$AH$3 -> 245700 | AI13: =AR13*$AI$3 -> 126000 | AJ13: =AR13*$AJ$3 -> 94500 | AK13: =AR13*$AK$3 -> 0 | AL13: 1250 | AM13: =D13*$AM$3*AG13 -> 65378.378 | AN13: =(D13*AG13)+AH13+AI13+AJ13+AK13+AL13+AM13 -> 1840395.9 | AO13: =AP13/AQ13 -> 0.027219286 | AP13: =AQ13-AN13 -> 51495.946 | AQ13: =AR13/$O$4 -> 1891891.9 | AR13: 2100000 | AS13: =AR13/AG13 -> 7000
A14: CROCKIE MAGNET SUPER PLAIN WHITE | B14: ='HPP MALL'!B14 -> 3500 | C14: =B14*$C$4 -> 2870 | D14: =C14/$D$4 -> 2585.5856 | E14: 5 | F14: =P14*$F$3 -> 2500 | G14: =P14*$G$3 -> 1125 | H14: =P14*$H$3 -> 2000 | I14: =P14*$I$3 -> 0 | J14: 1250 | K14: =D14*$K$3*E14 -> 904.95496 | L14: =(D14*E14)+F14+G14+H14+I14+J14+K14 -> 20707.883 | M14: =N14/O14 -> 0.08057 | N14: =O14-L14 -> 1814.6396 | O14: =P14/$O$4 -> 22522.523 | P14: 25000 | Q14: =P14/E14 -> 5000 | S14: 50 | T14: =AD14*$T$3 -> 21300 | U14: =AD14*$U$3 -> 10650 | V14: =AD14*$V$3 -> 17040 | W14: =AD14*$W$3 -> 0 | X14: 1250 | Y14: =D14*$K$3*S14 -> 9049.5495 | Z14: =(D14*S14)+T14+U14+V14+W14+X14+Y14 -> 188568.83 | AA14: =AB14/AC14 -> 0.017317371 | AB14: =AC14-Z14 -> 3323.0631 | AC14: =AD14/$O$4 -> 191891.89 | AD14: 213000 | AE14: =AD14/S14 -> 4260 | AG14: 500 | AH14: =AR14*$AH$3 -> 0 | AI14: =AR14*$AI$3 -> 0 | AJ14: =AR14*$AJ$3 -> 0 | AK14: =AR14*$AK$3 -> 0 | AL14: 1250 | AM14: =D14*$AM$3*AG14 -> 64639.64 | AN14: =(D14*AG14)+AH14+AI14+AJ14+AK14+AL14+AM14 -> 1358682.4 | AO14: =AP14/AQ14 -> #DIV/0! | AP14: =AQ14-AN14 -> -1358682.4 | AQ14: =AR14/$O$4 -> 0 | AS14: =AR14/AG14 -> 0
A15: CROCKIE MAGNET SUPER PLAIN BLACK | B15: ='HPP MALL'!B15 -> 3500 | C15: =B15*$C$4 -> 2870 | D15: =C15/$D$4 -> 2585.5856 | E15: 3 | F15: =P15*$F$3 -> 1590 | G15: =P15*$G$3 -> 715.5 | H15: =P15*$H$3 -> 1272 | I15: =P15*$I$3 -> 0 | J15: 1250 | K15: =D15*$K$3*E15 -> 542.97297 | L15: =(D15*E15)+F15+G15+H15+I15+J15+K15 -> 13127.23 | M15: =N15/O15 -> 0.083570755 | N15: =O15-L15 -> 1197.0946 | O15: =P15/$O$4 -> 14324.324 | P15: 15900 | Q15: =P15/E15 -> 5300 | S15: 50 | T15: =AD15*$T$3 -> 21300 | U15: =AD15*$U$3 -> 10650 | V15: =AD15*$V$3 -> 17040 | W15: =AD15*$W$3 -> 0 | X15: 1250 | Y15: =D15*$K$3*S15 -> 9049.5495 | Z15: =(D15*S15)+T15+U15+V15+W15+X15+Y15 -> 188568.83 | AA15: =AB15/AC15 -> 0.017317371 | AB15: =AC15-Z15 -> 3323.0631 | AC15: =AD15/$O$4 -> 191891.89 | AD15: 213000 | AE15: =AD15/S15 -> 4260 | AG15: 500 | AH15: =AR15*$AH$3 -> 0 | AI15: =AR15*$AI$3 -> 0 | AJ15: =AR15*$AJ$3 -> 0 | AK15: =AR15*$AK$3 -> 0 | AL15: 1250 | AM15: =D15*$AM$3*AG15 -> 64639.64 | AN15: =(D15*AG15)+AH15+AI15+AJ15+AK15+AL15+AM15 -> 1358682.4 | AO15: =AP15/AQ15 -> #DIV/0! | AP15: =AQ15-AN15 -> -1358682.4 | AQ15: =AR15/$O$4 -> 0 | AS15: =AR15/AG15 -> 0
A16: CROCKIE MAGNET CUSTOM PRINT UV | B16: ='HPP MALL'!B16 -> 5500 | C16: =B16*$C$4 -> 4510 | D16: =C16/$D$4 -> 4063.0631 | E16: 1 | F16: =P16*$F$3 -> 1050 | G16: =P16*$G$3 -> 472.5 | H16: =P16*$H$3 -> 840 | I16: =P16*$I$3 -> 0 | J16: 1250 | K16: =D16*$K$3*E16 -> 284.41441 | L16: =(D16*E16)+F16+G16+H16+I16+J16+K16 -> 7959.9775 | M16: =N16/O16 -> 0.15851667 | N16: =O16-L16 -> 1499.482 | O16: =P16/$O$4 -> 9459.4595 | P16: 10500 | Q16: =P16/E16 -> 10500 | S16: 50 | T16: =AD16*$T$3 -> 38000 | U16: =AD16*$U$3 -> 19000 | V16: =AD16*$V$3 -> 30400 | W16: =AD16*$W$3 -> 0 | X16: 1250 | Y16: =D16*$K$3*S16 -> 14220.721 | Z16: =(D16*S16)+T16+U16+V16+W16+X16+Y16 -> 306023.87 | AA16: =AB16/AC16 -> 0.10608816 | AB16: =AC16-Z16 -> 36318.468 | AC16: =AD16/$O$4 -> 342342.34 | AD16: 380000 | AE16: =AD16/S16 -> 7600 | AG16: 500 | AH16: =AR16*$AH$3 -> 0 | AI16: =AR16*$AI$3 -> 0 | AJ16: =AR16*$AJ$3 -> 0 | AK16: =AR16*$AK$3 -> 0 | AL16: 1250 | AM16: =D16*$AM$3*AG16 -> 101576.58 | AN16: =(D16*AG16)+AH16+AI16+AJ16+AK16+AL16+AM16 -> 2134358.1 | AO16: =AP16/AQ16 -> #DIV/0! | AP16: =AQ16-AN16 -> -2134358.1 | AQ16: =AR16/$O$4 -> 0 | AS16: =AR16/AG16 -> 0
A17: CROCKIE SERI FLAG | B17: ='HPP MALL'!B17 -> 3850 | C17: =B17*$C$4 -> 3157 | D17: =C17/$D$4 -> 2844.1441 | E17: 5 | F17: =P17*$F$3 -> 2600 | G17: =P17*$G$3 -> 1170 | H17: =P17*$H$3 -> 2080 | I17: =P17*$I$3 -> 0 | J17: 1250 | K17: =D17*$K$3*E17 -> 995.45045 | L17: =(D17*E17)+F17+G17+H17+I17+J17+K17 -> 22316.171 | M17: =N17/O17 -> 0.047271154 | N17: =O17-L17 -> 1107.2523 | O17: =P17/$O$4 -> 23423.423 | P17: 26000 | Q17: =P17/E17 -> 5200 | S17: 50 | T17: =AD17*$T$3 -> 23900 | U17: =AD17*$U$3 -> 11950 | V17: =AD17*$V$3 -> 19120 | W17: =AD17*$W$3 -> 0 | X17: 1250 | Y17: =D17*$K$3*S17 -> 9954.5045 | Z17: =(D17*S17)+T17+U17+V17+W17+X17+Y17 -> 208381.71 | AA17: =AB17/AC17 -> 0.032202092 | AB17: =AC17-Z17 -> 6933.6036 | AC17: =AD17/$O$4 -> 215315.32 | AD17: 239000 | AE17: =AD17/S17 -> 4780 | AG17: 500 | AH17: =AR17*$AH$3 -> 0 | AI17: =AR17*$AI$3 -> 0 | AJ17: =AR17*$AJ$3 -> 0 | AK17: =AR17*$AK$3 -> 0 | AL17: 1250 | AM17: =D17*$AM$3*AG17 -> 71103.604 | AN17: =(D17*AG17)+AH17+AI17+AJ17+AK17+AL17+AM17 -> 1494425.7 | AO17: =AP17/AQ17 -> #DIV/0! | AP17: =AQ17-AN17 -> -1494425.7 | AQ17: =AR17/$O$4 -> 0 | AS17: =AR17/AG17 -> 0
A18: CROCKIE SERIES | B18: ='HPP MALL'!B18 -> 4350 | C18: =B18*$C$4 -> 3567 | D18: =C18/$D$4 -> 3213.5135 | E18: 5 | F18: =P18*$F$3 -> 3300 | G18: =P18*$G$3 -> 1485 | H18: =P18*$H$3 -> 2640 | I18: =P18*$I$3 -> 0 | J18: 1250 | K18: =D18*$K$3*E18 -> 1124.7297 | L18: =(D18*E18)+F18+G18+H18+I18+J18+K18 -> 25867.297 | M18: =N18/O18 -> 0.12991818 | N18: =O18-L18 -> 3862.4324 | O18: =P18/$O$4 -> 29729.73 | P18: 33000 | Q18: =P18/E18 -> 6600 | S18: 50 | T18: =AD18*$T$3 -> 26900 | U18: =AD18*$U$3 -> 13450 | V18: =AD18*$V$3 -> 21520 | W18: =AD18*$W$3 -> 0 | X18: 1250 | Y18: =D18*$K$3*S18 -> 11247.297 | Z18: =(D18*S18)+T18+U18+V18+W18+X18+Y18 -> 235042.97 | AA18: =AB18/AC18 -> 0.030120074 | AB18: =AC18-Z18 -> 7299.3694 | AC18: =AD18/$O$4 -> 242342.34 | AD18: 269000 | AE18: =AD18/S18 -> 5380 | AG18: 500 | AH18: =AR18*$AH$3 -> 0 | AI18: =AR18*$AI$3 -> 0 | AJ18: =AR18*$AJ$3 -> 0 | AK18: =AR18*$AK$3 -> 0 | AL18: 1250 | AM18: =D18*$AM$3*AG18 -> 80337.838 | AN18: =(D18*AG18)+AH18+AI18+AJ18+AK18+AL18+AM18 -> 1688344.6 | AO18: =AP18/AQ18 -> #DIV/0! | AP18: =AQ18-AN18 -> -1688344.6 | AQ18: =AR18/$O$4 -> 0 | AS18: =AR18/AG18 -> 0
A19: CROCKIE JETFLIP | B19: ='HPP MALL'!B19 -> 49000 | C19: =B19*$C$4 -> 40180 | D19: =C19/$D$4 -> 36198.198 | E19: 1 | F19: =P19*$F$3 -> 6150 | G19: =P19*$G$3 -> 2767.5 | H19: =P19*$H$3 -> 4920 | I19: =P19*$I$3 -> 0 | J19: 1250 | K19: =D19*$K$3*E19 -> 2533.8739 | L19: =(D19*E19)+F19+G19+H19+I19+J19+K19 -> 53819.572 | M19: =N19/O19 -> 0.028622358 | N19: =O19-L19 -> 1585.8333 | O19: =P19/$O$4 -> 55405.405 | P19: 61500 | Q19: =P19/E19 -> 61500 | T19: =AD19*$T$3 -> 0 | U19: =AD19*$U$3 -> 0 | V19: =AD19*$V$3 -> 0 | W19: =AD19*$W$3 -> 0 | X19: 1250 | Y19: =D19*$K$3*S19 -> 0 | Z19: =(D19*S19)+T19+U19+V19+W19+X19+Y19 -> 1250 | AA19: =AB19/AC19 -> #DIV/0! | AB19: =AC19-Z19 -> -1250 | AC19: =AD19/$O$4 -> 0 | AE19: =AD19/S19 -> #DIV/0! | AH19: =AR19*$AH$3 -> 0 | AI19: =AR19*$AI$3 -> 0 | AJ19: =AR19*$AJ$3 -> 0 | AK19: =AR19*$AK$3 -> 0 | AL19: 1250 | AM19: =D19*$AM$3*AG19 -> 0 | AN19: =(D19*AG19)+AH19+AI19+AJ19+AK19+AL19+AM19 -> 1250 | AO19: =AP19/AQ19 -> #DIV/0! | AP19: =AQ19-AN19 -> -1250 | AQ19: =AR19/$O$4 -> 0 | AS19: =AR19/AG19 -> #DIV/0!
A20: CROCKIE JETFLIP + PRINT UV | B20: ='HPP MALL'!B20 -> 51000 | C20: =B20*$C$4 -> 41820 | D20: =C20/$D$4 -> 37675.676 | E20: 1 | F20: =P20*$F$3 -> 6300 | G20: =P20*$G$3 -> 2835 | H20: =P20*$H$3 -> 5040 | I20: =P20*$I$3 -> 0 | J20: 1250 | K20: =D20*$K$3*E20 -> 2637.2973 | L20: =(D20*E20)+F20+G20+H20+I20+J20+K20 -> 55737.973 | M20: =N20/O20 -> 0.01795 | N20: =O20-L20 -> 1018.7838 | O20: =P20/$O$4 -> 56756.757 | P20: 63000 | Q20: =P20/E20 -> 63000
A21: PAKET BUNDLING CROCKIE | AH21: - | AM21: - | AN21: - | AO21: #DIV/0! | AP21: - | AQ21: - | AU21: - | AW21: - | AX21: - | AY21: #DIV/0! | AZ21: - | BA21: -
A22: C. BARA T. 5PCS + GAS B. 1PCS | B22: =B7*5+B13 -> 26400 | C22: =B22*$C$4 -> 21648 | D22: =C22/$D$4 -> 19502.703 | E22: 1 | F22: =P22*$F$3 -> 3300 | G22: =P22*$G$3 -> 1485 | H22: =P22*$H$3 -> 2640 | I22: =P22*$I$3 -> 0 | J22: 1250 | K22: =D22*$K$3*E22 -> 1365.1892 | L22: =(D22*E22)+F22+G22+H22+I22+J22+K22 -> 29542.892 | M22: =N22/O22 -> 0.0062845455 | N22: =O22-L22 -> 186.83784 | O22: =P22/$O$4 -> 29729.73 | P22: 33000 | Q22: =P22/E22 -> 33000 | T22: =AD22*$T$3 -> 0 | U22: =AD22*$U$3 -> 0 | V22: =AD22*$V$3 -> 0 | W22: =AD22*$W$3 -> 0 | X22: 1250 | Y22: =D22*$Y$3*S22 -> 0 | Z22: =(D22*S22)+T22+U22+V22+W22+X22+Y22 -> 1250 | AA22: =AB22/AC22 -> #DIV/0! | AB22: =AC22-Z22 -> -1250 | AC22: =AD22/$O$4 -> 0 | AE22: =AD22/S22 -> #DIV/0! | AH22: =AR22*$AH$3 -> 0 | AI22: =AR22*$AI$3 -> 0 | AJ22: =AR22*$AJ$3 -> 0 | AK22: =AR22*$AK$3 -> 0 | AL22: 1250 | AM22: =AF22*$AM$3 -> 0 | AN22: =(R22*AG22)+AH22+AI22+AJ22+AK22+AL22+AM22 -> 1250 | AO22: =AP22/AQ22 -> #DIV/0! | AP22: =AQ22-AN22 -> -1250 | AQ22: =AR22/$O$4 -> 0 | AS22: =AR22/AG22 -> #DIV/0!
A23: C. BARA T. 5PCS + GAS B. 2PCS | B23: =B7*5+B13*2 -> 32300 | C23: =B23*$C$4 -> 26486 | D23: =C23/$D$4 -> 23861.261 | E23: 1 | F23: =P23*$F$3 -> 4000 | G23: =P23*$G$3 -> 1800 | H23: =P23*$H$3 -> 3200 | I23: =P23*$I$3 -> 0 | J23: 1250 | K23: =D23*$K$3*E23 -> 1670.2883 | L23: =(D23*E23)+F23+G23+H23+I23+J23+K23 -> 35781.55 | M23: =N23/O23 -> 0.007062 | N23: =O23-L23 -> 254.48649 | O23: =P23/$O$4 -> 36036.036 | P23: 40000 | Q23: =P23/E23 -> 40000 | T23: =AD23*$T$3 -> 0 | U23: =AD23*$U$3 -> 0 | V23: =AD23*$V$3 -> 0 | W23: =AD23*$W$3 -> 0 | X23: 1250 | Y23: =D23*$Y$3*S23 -> 0 | Z23: =(D23*S23)+T23+U23+V23+W23+X23+Y23 -> 1250 | AA23: =AB23/AC23 -> #DIV/0! | AB23: =AC23-Z23 -> -1250 | AC23: =AD23/$O$4 -> 0 | AE23: =AD23/S23 -> #DIV/0! | AH23: =AR23*$AH$3 -> 0 | AI23: =AR23*$AI$3 -> 0 | AJ23: =AR23*$AJ$3 -> 0 | AK23: =AR23*$AK$3 -> 0 | AL23: 1250 | AM23: =AF23*$AM$3 -> 0 | AN23: =(R23*AG23)+AH23+AI23+AJ23+AK23+AL23+AM23 -> 1250 | AO23: =AP23/AQ23 -> #DIV/0! | AP23: =AQ23-AN23 -> -1250 | AQ23: =AR23/$O$4 -> 0 | AS23: =AR23/AG23 -> #DIV/0!
A24: C. SUPERJET 1PCS + GAS B. 1PCS | B24: =B8+B13 -> 30900 | C24: =B24*$C$4 -> 25338 | D24: =C24/$D$4 -> 22827.027 | E24: 1 | F24: =P24*$F$3 -> 3950 | G24: =P24*$G$3 -> 1777.5 | H24: =P24*$H$3 -> 3160 | I24: =P24*$I$3 -> 0 | J24: 1250 | K24: =D24*$K$3*E24 -> 1597.8919 | L24: =(D24*E24)+F24+G24+H24+I24+J24+K24 -> 34562.419 | M24: =N24/O24 -> 0.028752278 | N24: =O24-L24 -> 1023.1667 | O24: =P24/$O$4 -> 35585.586 | P24: 39500 | Q24: =P24/E24 -> 39500 | T24: =AD24*$T$3 -> 0 | U24: =AD24*$U$3 -> 0 | V24: =AD24*$V$3 -> 0 | W24: =AD24*$W$3 -> 0 | X24: 1250 | Y24: =D24*$Y$3*S24 -> 0 | Z24: =(D24*S24)+T24+U24+V24+W24+X24+Y24 -> 1250 | AA24: =AB24/AC24 -> #DIV/0! | AB24: =AC24-Z24 -> -1250 | AC24: =AD24/$O$4 -> 0 | AE24: =AD24/S24 -> #DIV/0! | AH24: =AR24*$AH$3 -> 0 | AI24: =AR24*$AI$3 -> 0 | AJ24: =AR24*$AJ$3 -> 0 | AK24: =AR24*$AK$3 -> 0 | AL24: 1250 | AM24: =AF24*$AM$3 -> 0 | AN24: =(R24*AG24)+AH24+AI24+AJ24+AK24+AL24+AM24 -> 1250 | AO24: =AP24/AQ24 -> #DIV/0! | AP24: =AQ24-AN24 -> -1250 | AQ24: =AR24/$O$4 -> 0 | AS24: =AR24/AG24 -> #DIV/0!
A25: C. SUPERJET 2PCS + GAS B. 2PCS | B25: =B8*2+B13*2 -> 61800 | C25: =B25*$C$4 -> 50676 | D25: =C25/$D$4 -> 45654.054 | E25: 1 | F25: =P25*$F$3 -> 7600 | G25: =P25*$G$3 -> 3420 | H25: =P25*$H$3 -> 6080 | I25: =P25*$I$3 -> 0 | J25: 1250 | K25: =D25*$K$3*E25 -> 3195.7838 | L25: =(D25*E25)+F25+G25+H25+I25+J25+K25 -> 67199.838 | M25: =N25/O25 -> 0.018528684 | N25: =O25-L25 -> 1268.6306 | O25: =P25/$O$4 -> 68468.468 | P25: 76000 | Q25: =P25/E25 -> 76000 | Y25: =D25*$Y$3*S25 -> 0
A26: C. SUPERJET 4PCS + GAS B. 1PCS | B26: =B8*4+B13 -> 105900 | C26: =B26*$C$4 -> 86838 | D26: =C26/$D$4 -> 78232.432 | E26: 1 | F26: =P26*$F$3 -> 12650 | G26: =P26*$G$3 -> 5692.5 | H26: =P26*$H$3 -> 10120 | I26: =P26*$I$3 -> 0 | J26: 1250 | K26: =D26*$K$3*E26 -> 5476.2703 | L26: =(D26*E26)+F26+G26+H26+I26+J26+K26 -> 113421.2 | M26: =N26/O26 -> 0.0047625692 | N26: =O26-L26 -> 542.76126 | O26: =P26/$O$4 -> 113963.96 | P26: 126500 | Q26: =P26/E26 -> 126500 | Y26: =D26*$Y$3*S26 -> 0
A27: C. SUPERJET 4PCS + GAS B. 2PCS | B27: =B8*4+B13*2 -> 111800 | C27: =B27*$C$4 -> 91676 | D27: =C27/$D$4 -> 82590.991 | E27: 1 | F27: =P27*$F$3 -> 13320 | G27: =P27*$G$3 -> 5994 | H27: =P27*$H$3 -> 10656 | I27: =P27*$I$3 -> 0 | J27: 1250 | K27: =D27*$K$3*E27 -> 5781.3694 | L27: =(D27*E27)+F27+G27+H27+I27+J27+K27 -> 119592.36 | M27: =N27/O27 -> 0.003396997 | N27: =O27-L27 -> 407.63964 | O27: =P27/$O$4 -> 120000 | P27: 133200 | Q27: =P27/E27 -> 133200 | Y27: =D27*$Y$3*S27 -> 0
K28: =D28*$K$3*E28 -> 0 | Y28: =D28*$Y$3*S28 -> 0
A29: POWERJET 1PCS + GAS B. 1PCS | B29: =B12+B13 -> 78900 | C29: =B29*$C$4 -> 64698 | D29: =C29/$D$4 -> 58286.486 | E29: 1 | F29: =P29*$F$3 -> 9450 | G29: =P29*$G$3 -> 4252.5 | H29: =P29*$H$3 -> 7560 | I29: =P29*$I$3 -> 0 | J29: 1250 | K29: =D29*$K$3*E29 -> 4080.0541 | L29: =(D29*E29)+F29+G29+H29+I29+J29+K29 -> 84879.041 | M29: =N29/O29 -> 0.0030080952 | N29: =O29-L29 -> 256.09459 | O29: =P29/$O$4 -> 85135.135 | P29: 94500 | Q29: =P29/E29 -> 94500 | T29: =AD29*$T$3 -> 0 | U29: =AD29*$U$3 -> 0 | V29: =AD29*$V$3 -> 0 | W29: =AD29*$W$3 -> 0 | X29: 1250 | Y29: =D29*$Y$3*S29 -> 0 | Z29: =(D29*S29)+T29+U29+V29+W29+X29+Y29 -> 1250 | AA29: =AB29/AC29 -> #DIV/0! | AB29: =AC29-Z29 -> -1250 | AC29: =AD29/$O$4 -> 0 | AE29: =AD29/S29 -> #DIV/0! | AH29: =AR29*$AH$3 -> 0 | AI29: =AR29*$AI$3 -> 0 | AJ29: =AR29*$AJ$3 -> 0 | AK29: =AR29*$AK$3 -> 0 | AL29: 1250 | AM29: =AF29*$AM$3 -> 0 | AN29: =(R29*AG29)+AH29+AI29+AJ29+AK29+AL29+AM29 -> 1250 | AO29: =AP29/AQ29 -> #DIV/0! | AP29: =AQ29-AN29 -> -1250 | AQ29: =AR29/$O$4 -> 0 | AS29: =AR29/AG29 -> #DIV/0!
A30: POWERJET 2PCS + GAS B. 2PCS | B30: =B12*2+B13*2 -> 157800 | C30: =B30*$C$4 -> 129396 | D30: =C30/$D$4 -> 116572.97 | E30: 1 | F30: =P30*$F$3 -> 18720 | G30: =P30*$G$3 -> 8424 | H30: =P30*$H$3 -> 14976 | I30: =P30*$I$3 -> 0 | J30: 1250 | K30: =D30*$K$3*E30 -> 8160.1081 | L30: =(D30*E30)+F30+G30+H30+I30+J30+K30 -> 168103.08 | M30: =N30/O30 -> 0.0032349359 | N30: =O30-L30 -> 545.56757 | O30: =P30/$O$4 -> 168648.65 | P30: 187200 | Q30: =P30/E30 -> 187200 | T30: =AD30*$T$3 -> 0 | U30: =AD30*$U$3 -> 0 | V30: =AD30*$V$3 -> 0 | W30: =AD30*$W$3 -> 0 | X30: 1250 | Y30: =D30*$Y$3*S30 -> 0 | Z30: =(D30*S30)+T30+U30+V30+W30+X30+Y30 -> 1250 | AA30: =AB30/AC30 -> #DIV/0! | AB30: =AC30-Z30 -> -1250 | AC30: =AD30/$O$4 -> 0 | AE30: =AD30/S30 -> #DIV/0! | AH30: =AR30*$AH$3 -> 0 | AI30: =AR30*$AI$3 -> 0 | AJ30: =AR30*$AJ$3 -> 0 | AK30: =AR30*$AK$3 -> 0 | AL30: 1250 | AM30: =AF30*$AM$3 -> 0 | AN30: =(R30*AG30)+AH30+AI30+AJ30+AK30+AL30+AM30 -> 1250 | AO30: =AP30/AQ30 -> #DIV/0! | AP30: =AQ30-AN30 -> -1250 | AQ30: =AR30/$O$4 -> 0 | AS30: =AR30/AG30 -> #DIV/0!
A31: IDEA 1PCS + GAS B 1PCS | B31: =B9+B13 -> 15900 | C31: =B31*$C$4 -> 13038 | D31: =C31/$D$4 -> 11745.946 | E31: 1 | F31: =P31*$F$3 -> 2200 | G31: =P31*$G$3 -> 990 | H31: =P31*$H$3 -> 1760 | I31: =P31*$I$3 -> 0 | J31: 1250 | K31: =D31*$K$3*E31 -> 822.21622 | L31: =(D31*E31)+F31+G31+H31+I31+J31+K31 -> 18768.162 | M31: =N31/O31 -> 0.053060909 | N31: =O31-L31 -> 1051.6577 | O31: =P31/$O$4 -> 19819.82 | P31: 22000 | Q31: =P31/E31 -> 22000 | T31: =AD31*$T$3 -> 0 | U31: =AD31*$U$3 -> 0 | V31: =AD31*$V$3 -> 0 | W31: =AD31*$W$3 -> 0 | X31: 1250 | Y31: =D31*$Y$3*S31 -> 0 | Z31: =(D31*S31)+T31+U31+V31+W31+X31+Y31 -> 1250 | AA31: =AB31/AC31 -> #DIV/0! | AB31: =AC31-Z31 -> -1250 | AC31: =AD31/$O$4 -> 0 | AE31: =AD31/S31 -> #DIV/0! | AH31: =AR31*$AH$3 -> 0 | AI31: =AR31*$AI$3 -> 0 | AJ31: =AR31*$AJ$3 -> 0 | AK31: =AR31*$AK$3 -> 0 | AL31: 1250 | AM31: =AF31*$AM$3 -> 0 | AN31: =(R31*AG31)+AH31+AI31+AJ31+AK31+AL31+AM31 -> 1250 | AO31: =AP31/AQ31 -> #DIV/0! | AP31: =AQ31-AN31 -> -1250 | AQ31: =AR31/$O$4 -> 0 | AS31: =AR31/AG31 -> #DIV/0!
A32: IDEA 2PCS + GAS 2PCS | B32: =B9*2+B13*2 -> 31800 | C32: =B32*$C$4 -> 26076 | D32: =C32/$D$4 -> 23491.892 | E32: 1 | F32: =P32*$F$3 -> 4000 | G32: =P32*$G$3 -> 1800 | H32: =P32*$H$3 -> 3200 | I32: =P32*$I$3 -> 0 | J32: 1250 | K32: =D32*$K$3*E32 -> 1644.4324 | L32: =(D32*E32)+F32+G32+H32+I32+J32+K32 -> 35386.324 | M32: =N32/O32 -> 0.0180295 | N32: =O32-L32 -> 649.71171 | O32: =P32/$O$4 -> 36036.036 | P32: 40000 | Q32: =P32/E32 -> 40000 | T32: =AD32*$T$3 -> 0 | U32: =AD32*$U$3 -> 0 | V32: =AD32*$V$3 -> 0 | W32: =AD32*$W$3 -> 0 | X32: 1250 | Y32: =D32*$Y$3*S32 -> 0 | Z32: =(D32*S32)+T32+U32+V32+W32+X32+Y32 -> 1250 | AA32: =AB32/AC32 -> #DIV/0! | AB32: =AC32-Z32 -> -1250 | AC32: =AD32/$O$4 -> 0 | AE32: =AD32/S32 -> #DIV/0! | AH32: =AR32*$AH$3 -> 0 | AI32: =AR32*$AI$3 -> 0 | AJ32: =AR32*$AJ$3 -> 0 | AK32: =AR32*$AK$3 -> 0 | AL32: 1250 | AM32: =AF32*$AM$3 -> 0 | AN32: =(R32*AG32)+AH32+AI32+AJ32+AK32+AL32+AM32 -> 1250 | AO32: =AP32/AQ32 -> #DIV/0! | AP32: =AQ32-AN32 -> -1250 | AQ32: =AR32/$O$4 -> 0 | AS32: =AR32/AG32 -> #DIV/0!
A33: C. FLEXIE 1PCS + GAS B. 1PCS | K33: =D33*$K$3*E33 -> 0 | Y33: =D33*$Y$3*S33 -> 0
A34: C. FLEXIE W. 1PCS + GAS B. 1PCS | B34: =B11+B13 -> 23900 | C34: =B34*$C$4 -> 19598 | D34: =C34/$D$4 -> 17655.856 | E34: 1 | F34: =P34*$F$3 -> 3000 | G34: =P34*$G$3 -> 1350 | H34: =P34*$H$3 -> 2400 | I34: =P34*$I$3 -> 0 | J34: 1250 | K34: =D34*$K$3*E34 -> 1235.9099 | L34: =(D34*E34)+F34+G34+H34+I34+J34+K34 -> 26891.766 | M34: =N34/O34 -> 0.0050046667 | N34: =O34-L34 -> 135.26126 | O34: =P34/$O$4 -> 27027.027 | P34: 30000 | Q34: =P34/E34 -> 30000 | T34: =AD34*$T$3 -> 0 | U34: =AD34*$U$3 -> 0 | V34: =AD34*$V$3 -> 0 | W34: =AD34*$W$3 -> 0 | X34: 1250 | Y34: =D34*$Y$3*S34 -> 0 | Z34: =(D34*S34)+T34+U34+V34+W34+X34+Y34 -> 1250 | AA34: =AB34/AC34 -> #DIV/0! | AB34: =AC34-Z34 -> -1250 | AC34: =AD34/$O$4 -> 0 | AE34: =AD34/S34 -> #DIV/0! | AH34: =AR34*$AH$3 -> 0 | AI34: =AR34*$AI$3 -> 0 | AJ34: =AR34*$AJ$3 -> 0 | AK34: =AR34*$AK$3 -> 0 | AL34: 1250 | AM34: =AF34*$AM$3 -> 0 | AN34: =(R34*AG34)+AH34+AI34+AJ34+AK34+AL34+AM34 -> 1250 | AO34: =AP34/AQ34 -> #DIV/0! | AP34: =AQ34-AN34 -> -1250 | AQ34: =AR34/$O$4 -> 0 | AS34: =AR34/AG34 -> #DIV/0!
A35: C. FLEXIE W. 2PCS + GAS B. 2PCS | B35: =B11*2+B13*2 -> 47800 | C35: =B35*$C$4 -> 39196 | D35: =C35/$D$4 -> 35311.712 | E35: 1 | F35: =P35*$F$3 -> 5800 | G35: =P35*$G$3 -> 2610 | H35: =P35*$H$3 -> 4640 | I35: =P35*$I$3 -> 0 | J35: 1250 | K35: =D35*$K$3*E35 -> 2471.8198 | L35: =(D35*E35)+F35+G35+H35+I35+J35+K35 -> 52083.532 | M35: =N35/O35 -> 0.0032289655 | N35: =O35-L35 -> 168.72072 | O35: =P35/$O$4 -> 52252.252 | P35: 58000 | Q35: =P35/E35 -> 58000 | T35: =AD35*$T$3 -> 0 | U35: =AD35*$U$3 -> 0 | V35: =AD35*$V$3 -> 0 | W35: =AD35*$W$3 -> 0 | X35: 1250 | Y35: =D35*$Y$3*S35 -> 0 | Z35: =(D35*S35)+T35+U35+V35+W35+X35+Y35 -> 1250 | AA35: =AB35/AC35 -> #DIV/0! | AB35: =AC35-Z35 -> -1250 | AC35: =AD35/$O$4 -> 0 | AE35: =AD35/S35 -> #DIV/0! | AH35: =AR35*$AH$3 -> 0 | AI35: =AR35*$AI$3 -> 0 | AJ35: =AR35*$AJ$3 -> 0 | AK35: =AR35*$AK$3 -> 0 | AL35: 1250 | AM35: =AF35*$AM$3 -> 0 | AN35: =(R35*AG35)+AH35+AI35+AJ35+AK35+AL35+AM35 -> 1250 | AO35: =AP35/AQ35 -> #DIV/0! | AP35: =AQ35-AN35 -> -1250 | AQ35: =AR35/$O$4 -> 0 | AS35: =AR35/AG35 -> #DIV/0!
A36: JETFLIP 1PCS + GAS B. 1PCS | B36: =B19+B13 -> 54900 | C36: =B36*$C$4 -> 45018 | D36: =C36/$D$4 -> 40556.757 | E36: 1 | F36: =P36*$F$3 -> 6680 | G36: =P36*$G$3 -> 3006 | H36: =P36*$H$3 -> 5344 | I36: =P36*$I$3 -> 0 | J36: 1250 | K36: =D36*$K$3*E36 -> 2838.973 | L36: =(D36*E36)+F36+G36+H36+I36+J36+K36 -> 59675.73 | M36: =N36/O36 -> 0.0083823353 | N36: =O36-L36 -> 504.45045 | O36: =P36/$O$4 -> 60180.18 | P36: 66800 | Q36: =P36/E36 -> 66800 | T36: =AD36*$T$3 -> 0 | U36: =AD36*$U$3 -> 0 | V36: =AD36*$V$3 -> 0 | W36: =AD36*$W$3 -> 0 | X36: 1250 | Y36: =D36*$Y$3*S36 -> 0 | Z36: =(D36*S36)+T36+U36+V36+W36+X36+Y36 -> 1250 | AA36: =AB36/AC36 -> #DIV/0! | AB36: =AC36-Z36 -> -1250 | AC36: =AD36/$O$4 -> 0 | AE36: =AD36/S36 -> #DIV/0! | AH36: =AR36*$AH$3 -> 0 | AI36: =AR36*$AI$3 -> 0 | AJ36: =AR36*$AJ$3 -> 0 | AK36: =AR36*$AK$3 -> 0 | AL36: 1250 | AM36: =AF36*$AM$3 -> 0 | AN36: =(R36*AG36)+AH36+AI36+AJ36+AK36+AL36+AM36 -> 1250 | AO36: =AP36/AQ36 -> #DIV/0! | AP36: =AQ36-AN36 -> -1250 | AQ36: =AR36/$O$4 -> 0 | AS36: =AR36/AG36 -> #DIV/0!
A37: CASE ORIGINAL | B37: 2500 | C37: =B37*$C$4 -> 2050 | D37: =C37/$D$4 -> 1846.8468 | E37: 1 | F37: =P37*$F$3 -> 600 | G37: =P37*$G$3 -> 270 | H37: =P37*$H$3 -> 480 | I37: =P37*$I$3 -> 0 | J37: 1250 | K37: =D37*$K$3*E37 -> 129.27928 | L37: =(D37*E37)+F37+G37+H37+I37+J37+K37 -> 4576.1261 | M37: =N37/O37 -> 0.15341667 | N37: =O37-L37 -> 829.27928 | O37: =P37/$O$4 -> 5405.4054 | P37: 6000 | Q37: =P37/E37 -> 6000 | T37: =AD37*$T$3 -> 0 | U37: =AD37*$U$3 -> 0 | V37: =AD37*$V$3 -> 0 | W37: =AD37*$W$3 -> 0 | X37: 1250 | Y37: =D37*$Y$3*S37 -> 0 | Z37: =(D37*S37)+T37+U37+V37+W37+X37+Y37 -> 1250 | AA37: =AB37/AC37 -> #DIV/0! | AB37: =AC37-Z37 -> -1250 | AC37: =AD37/$O$4 -> 0 | AE37: =AD37/S37 -> #DIV/0! | AH37: =AR37*$AH$3 -> 0 | AI37: =AR37*$AI$3 -> 0 | AJ37: =AR37*$AJ$3 -> 0 | AK37: =AR37*$AK$3 -> 0 | AL37: 1250 | AM37: =AF37*$AM$3 -> 0 | AN37: =(R37*AG37)+AH37+AI37+AJ37+AK37+AL37+AM37 -> 1250 | AO37: =AP37/AQ37 -> #DIV/0! | AP37: =AQ37-AN37 -> -1250 | AQ37: =AR37/$O$4 -> 0 | AS37: =AR37/AG37 -> #DIV/0!
A38: CROCKIE ORIGINAL + CASE | B38: =B5+B37 -> 5850 | C38: =B38*$C$4 -> 4797 | D38: =C38/$D$4 -> 4321.6216 | E38: 1 | F38: =P38*$F$3 -> 990 | G38: =P38*$G$3 -> 445.5 | H38: =P38*$H$3 -> 792 | I38: =P38*$I$3 -> 0 | J38: 1250 | K38: =D38*$K$3*E38 -> 302.51351 | L38: =(D38*E38)+F38+G38+H38+I38+J38+K38 -> 8101.6351 | M38: =N38/O38 -> 0.091634848 | N38: =O38-L38 -> 817.28378 | O38: =P38/$O$4 -> 8918.9189 | P38: 9900 | Q38: =P38/E38 -> 9900 | T38: =AD38*$T$3 -> 0 | U38: =AD38*$U$3 -> 0 | V38: =AD38*$V$3 -> 0 | W38: =AD38*$W$3 -> 0 | X38: 1250 | Y38: =D38*$Y$3*S38 -> 0 | Z38: =(D38*S38)+T38+U38+V38+W38+X38+Y38 -> 1250 | AA38: =AB38/AC38 -> #DIV/0! | AB38: =AC38-Z38 -> -1250 | AC38: =AD38/$O$4 -> 0 | AE38: =AD38/S38 -> #DIV/0! | AH38: =AR38*$AH$3 -> 0 | AI38: =AR38*$AI$3 -> 0 | AJ38: =AR38*$AJ$3 -> 0 | AK38: =AR38*$AK$3 -> 0 | AL38: 1250 | AM38: =AF38*$AM$3 -> 0 | AN38: =(R38*AG38)+AH38+AI38+AJ38+AK38+AL38+AM38 -> 1250 | AO38: =AP38/AQ38 -> #DIV/0! | AP38: =AQ38-AN38 -> -1250 | AQ38: =AR38/$O$4 -> 0 | AS38: =AR38/AG38 -> #DIV/0!
A39: CROCKIE ORIGINAL 5 + CASE | B39: =B5*5+B37 -> 19250 | C39: =B39*$C$4 -> 15785 | D39: =C39/$D$4 -> 14220.721 | E39: 1 | F39: =P39*$F$3 -> 3000 | G39: =P39*$G$3 -> 1350 | H39: =P39*$H$3 -> 2400 | I39: =P39*$I$3 -> 0 | J39: 1250 | K39: =D39*$K$3*E39 -> 995.45045 | L39: =(D39*E39)+F39+G39+H39+I39+J39+K39 -> 23216.171 | M39: =N39/O39 -> 0.14100167 | N39: =O39-L39 -> 3810.8559 | O39: =P39/$O$4 -> 27027.027 | P39: 30000 | Q39: =P39/E39 -> 30000 | T39: =AD39*$T$3 -> 0 | U39: =AD39*$U$3 -> 0 | V39: =AD39*$V$3 -> 0 | W39: =AD39*$W$3 -> 0 | X39: 1250 | Y39: =D39*$Y$3*S39 -> 0 | Z39: =(D39*S39)+T39+U39+V39+W39+X39+Y39 -> 1250 | AA39: =AB39/AC39 -> #DIV/0! | AB39: =AC39-Z39 -> -1250 | AC39: =AD39/$O$4 -> 0 | AE39: =AD39/S39 -> #DIV/0! | AH39: =AR39*$AH$3 -> 0 | AI39: =AR39*$AI$3 -> 0 | AJ39: =AR39*$AJ$3 -> 0 | AK39: =AR39*$AK$3 -> 0 | AL39: 1250 | AM39: =AF39*$AM$3 -> 0 | AN39: =(R39*AG39)+AH39+AI39+AJ39+AK39+AL39+AM39 -> 1250 | AO39: =AP39/AQ39 -> #DIV/0! | AP39: =AQ39-AN39 -> -1250 | AQ39: =AR39/$O$4 -> 0 | AS39: =AR39/AG39 -> #DIV/0!
A40: CASE BARA | B40: 3000 | C40: =B40*$C$4 -> 2460 | D40: =C40/$D$4 -> 2216.2162 | E40: 1 | F40: =P40*$F$3 -> 712.5 | G40: =P40*$G$3 -> 320.625 | H40: =P40*$H$3 -> 570 | I40: =P40*$I$3 -> 0 | J40: 1250 | K40: =D40*$K$3*E40 -> 155.13514 | L40: =(D40*E40)+F40+G40+H40+I40+J40+K40 -> 5224.4764 | M40: =N40/O40 -> 0.18608158 | N40: =O40-L40 -> 1194.4426 | O40: =P40/$O$4 -> 6418.9189 | P40: 7125 | Q40: =P40/E40 -> 7125 | T40: =AD40*$T$3 -> 0 | U40: =AD40*$U$3 -> 0 | V40: =AD40*$V$3 -> 0 | W40: =AD40*$W$3 -> 0 | X40: 1250 | Y40: =D40*$Y$3*S40 -> 0 | Z40: =(D40*S40)+T40+U40+V40+W40+X40+Y40 -> 1250 | AA40: =AB40/AC40 -> #DIV/0! | AB40: =AC40-Z40 -> -1250 | AC40: =AD40/$O$4 -> 0 | AE40: =AD40/S40 -> #DIV/0! | AH40: =AR40*$AH$3 -> 0 | AI40: =AR40*$AI$3 -> 0 | AJ40: =AR40*$AJ$3 -> 0 | AK40: =AR40*$AK$3 -> 0 | AL40: 1250 | AM40: =AF40*$AM$3 -> 0 | AN40: =(R40*AG40)+AH40+AI40+AJ40+AK40+AL40+AM40 -> 1250 | AO40: =AP40/AQ40 -> #DIV/0! | AP40: =AQ40-AN40 -> -1250 | AQ40: =AR40/$O$4 -> 0 | AS40: =AR40/AG40 -> #DIV/0!
A41: CASE BARA CUSTOM | B41: =B40+1000 -> 4000 | C41: =B41*$C$4 -> 3280 | D41: =C41/$D$4 -> 2954.955 | E41: 1 | F41: =P41*$F$3 -> 900 | G41: =P41*$G$3 -> 405 | H41: =P41*$H$3 -> 720 | I41: =P41*$I$3 -> 0 | J41: 1250 | K41: =D41*$K$3*E41 -> 206.84685 | L41: =(D41*E41)+F41+G41+H41+I41+J41+K41 -> 6436.8018 | M41: =N41/O41 -> 0.20612778 | N41: =O41-L41 -> 1671.3063 | O41: =P41/$O$4 -> 8108.1081 | P41: 9000 | Q41: =P41/E41 -> 9000 | T41: =AD41*$T$3 -> 0 | U41: =AD41*$U$3 -> 0 | V41: =AD41*$V$3 -> 0 | W41: =AD41*$W$3 -> 0 | X41: 1250 | Y41: =D41*$Y$3*S41 -> 0 | Z41: =(D41*S41)+T41+U41+V41+W41+X41+Y41 -> 1250 | AA41: =AB41/AC41 -> #DIV/0! | AB41: =AC41-Z41 -> -1250 | AC41: =AD41/$O$4 -> 0 | AE41: =AD41/S41 -> #DIV/0! | AH41: =AR41*$AH$3 -> 0 | AI41: =AR41*$AI$3 -> 0 | AJ41: =AR41*$AJ$3 -> 0 | AK41: =AR41*$AK$3 -> 0 | AL41: 1250 | AM41: =AF41*$AM$3 -> 0 | AN41: =(R41*AG41)+AH41+AI41+AJ41+AK41+AL41+AM41 -> 1250 | AO41: =AP41/AQ41 -> #DIV/0! | AP41: =AQ41-AN41 -> -1250 | AQ41: =AR41/$O$4 -> 0 | AS41: =AR41/AG41 -> #DIV/0!
A42: CROCKIE BARA + CASE | B42: =B7+B40 -> 7100 | C42: =B42*$C$4 -> 5822 | D42: =C42/$D$4 -> 5245.045 | E42: 1 | F42: =P42*$F$3 -> 1250 | G42: =P42*$G$3 -> 562.5 | H42: =P42*$H$3 -> 1000 | I42: =P42*$I$3 -> 0 | J42: 1250 | K42: =D42*$K$3*E42 -> 367.15315 | L42: =(D42*E42)+F42+G42+H42+I42+J42+K42 -> 9674.6982 | M42: =N42/O42 -> 0.1408868 | N42: =O42-L42 -> 1586.5631 | O42: =P42/$O$4 -> 11261.261 | P42: 12500 | Q42: =P42/E42 -> 12500 | T42: =AD42*$T$3 -> 0 | U42: =AD42*$U$3 -> 0 | V42: =AD42*$V$3 -> 0 | W42: =AD42*$W$3 -> 0 | X42: 1250 | Y42: =D42*$Y$3*S42 -> 0 | Z42: =(D42*S42)+T42+U42+V42+W42+X42+Y42 -> 1250 | AA42: =AB42/AC42 -> #DIV/0! | AB42: =AC42-Z42 -> -1250 | AC42: =AD42/$O$4 -> 0 | AE42: =AD42/S42 -> #DIV/0! | AH42: =AR42*$AH$3 -> 0 | AI42: =AR42*$AI$3 -> 0 | AJ42: =AR42*$AJ$3 -> 0 | AK42: =AR42*$AK$3 -> 0 | AL42: 1250 | AM42: =AF42*$AM$3 -> 0 | AN42: =(R42*AG42)+AH42+AI42+AJ42+AK42+AL42+AM42 -> 1250 | AO42: =AP42/AQ42 -> #DIV/0! | AP42: =AQ42-AN42 -> -1250 | AQ42: =AR42/$O$4 -> 0 | AS42: =AR42/AG42 -> #DIV/0!
A43: CROCKIE BARA + CASE CUSTOM | B43: =B7+B41 -> 8100 | C43: =B43*$C$4 -> 6642 | D43: =C43/$D$4 -> 5983.7838 | E43: 1 | F43: =P43*$F$3 -> 1350 | G43: =P43*$G$3 -> 607.5 | H43: =P43*$H$3 -> 1080 | I43: =P43*$I$3 -> 0 | J43: 1250 | K43: =D43*$K$3*E43 -> 418.86486 | L43: =(D43*E43)+F43+G43+H43+I43+J43+K43 -> 10690.149 | M43: =N43/O43 -> 0.12103222 | N43: =O43-L43 -> 1472.0135 | O43: =P43/$O$4 -> 12162.162 | P43: 13500 | Q43: =P43/E43 -> 13500 | T43: =AD43*$T$3 -> 0 | U43: =AD43*$U$3 -> 0 | V43: =AD43*$V$3 -> 0 | W43: =AD43*$W$3 -> 0 | X43: 1250 | Y43: =D43*$Y$3*S43 -> 0 | Z43: =(D43*S43)+T43+U43+V43+W43+X43+Y43 -> 1250 | AA43: =AB43/AC43 -> #DIV/0! | AB43: =AC43-Z43 -> -1250 | AC43: =AD43/$O$4 -> 0 | AE43: =AD43/S43 -> #DIV/0! | AH43: =AR43*$AH$3 -> 0 | AI43: =AR43*$AI$3 -> 0 | AJ43: =AR43*$AJ$3 -> 0 | AK43: =AR43*$AK$3 -> 0 | AL43: 1250 | AM43: =AF43*$AM$3 -> 0 | AN43: =(R43*AG43)+AH43+AI43+AJ43+AK43+AL43+AM43 -> 1250 | AO43: =AP43/AQ43 -> #DIV/0! | AP43: =AQ43-AN43 -> -1250 | AQ43: =AR43/$O$4 -> 0 | AS43: =AR43/AG43 -> #DIV/0!
A44: CROCKIE BARA 5 + CASE | B44: =B7*5+B40 -> 23500 | C44: =B44*$C$4 -> 19270 | D44: =C44/$D$4 -> 17360.36 | E44: 1 | F44: =P44*$F$3 -> 3500 | G44: =P44*$G$3 -> 1575 | H44: =P44*$H$3 -> 2800 | I44: =P44*$I$3 -> 0 | J44: 1250 | K44: =D44*$K$3*E44 -> 1215.2252 | L44: =(D44*E44)+F44+G44+H44+I44+J44+K44 -> 27700.586 | M44: =N44/O44 -> 0.12149571 | N44: =O44-L44 -> 3830.9459 | O44: =P44/$O$4 -> 31531.532 | P44: 35000 | Q44: =P44/E44 -> 35000 | T44: =AD44*$T$3 -> 0 | U44: =AD44*$U$3 -> 0 | V44: =AD44*$V$3 -> 0 | W44: =AD44*$W$3 -> 0 | X44: 1250 | Y44: =D44*$Y$3*S44 -> 0 | Z44: =(D44*S44)+T44+U44+V44+W44+X44+Y44 -> 1250 | AA44: =AB44/AC44 -> #DIV/0! | AB44: =AC44-Z44 -> -1250 | AC44: =AD44/$O$4 -> 0 | AE44: =AD44/S44 -> #DIV/0! | AH44: =AR44*$AH$3 -> 0 | AI44: =AR44*$AI$3 -> 0 | AJ44: =AR44*$AJ$3 -> 0 | AK44: =AR44*$AK$3 -> 0 | AL44: 1250 | AM44: =AF44*$AM$3 -> 0 | AN44: =(R44*AG44)+AH44+AI44+AJ44+AK44+AL44+AM44 -> 1250 | AO44: =AP44/AQ44 -> #DIV/0! | AP44: =AQ44-AN44 -> -1250 | AQ44: =AR44/$O$4 -> 0 | AS44: =AR44/AG44 -> #DIV/0!
A45: CROCKIE BARA 5 + CASE CUSTOM | B45: =B7*5+B41 -> 24500 | C45: =B45*$C$4 -> 20090 | D45: =C45/$D$4 -> 18099.099 | E45: 1 | F45: =P45*$F$3 -> 3700 | G45: =P45*$G$3 -> 1665 | H45: =P45*$H$3 -> 2960 | I45: =P45*$I$3 -> 0 | J45: 1250 | K45: =D45*$K$3*E45 -> 1266.9369 | L45: =(D45*E45)+F45+G45+H45+I45+J45+K45 -> 28941.036 | M45: =N45/O45 -> 0.13176892 | N45: =O45-L45 -> 4392.2973 | O45: =P45/$O$4 -> 33333.333 | P45: 37000 | Q45: =P45/E45 -> 37000 | T45: =AD45*$T$3 -> 0 | U45: =AD45*$U$3 -> 0 | V45: =AD45*$V$3 -> 0 | W45: =AD45*$W$3 -> 0 | X45: 1250 | Y45: =D45*$Y$3*S45 -> 0 | Z45: =(D45*S45)+T45+U45+V45+W45+X45+Y45 -> 1250 | AA45: =AB45/AC45 -> #DIV/0! | AB45: =AC45-Z45 -> -1250 | AC45: =AD45/$O$4 -> 0 | AE45: =AD45/S45 -> #DIV/0! | AH45: =AR45*$AH$3 -> 0 | AI45: =AR45*$AI$3 -> 0 | AJ45: =AR45*$AJ$3 -> 0 | AK45: =AR45*$AK$3 -> 0 | AL45: 1250 | AM45: =AF45*$AM$3 -> 0 | AN45: =(R45*AG45)+AH45+AI45+AJ45+AK45+AL45+AM45 -> 1250 | AO45: =AP45/AQ45 -> #DIV/0! | AP45: =AQ45-AN45 -> -1250 | AQ45: =AR45/$O$4 -> 0 | AS45: =AR45/AG45 -> #DIV/0!
A46: PAKKET BUY MORE GET FREE ITEM
A47: C.ORI 5PCS FREE 1PCS | B47: =B5 -> 3350 | C47: =B47*$C$4 -> 2747 | D47: =C47/$D$4 -> 2474.7748 | E47: 6 | F47: =P47*$F$3 -> 2600 | G47: =P47*$G$3 -> 1170 | H47: =P47*$H$3 -> 2080 | I47: =P47*$I$3 -> 0 | J47: 1250 | K47: =D47*$K$3*E47 -> 1039.4054 | L47: =(D47*E47)+F47+G47+H47+I47+J47+K47 -> 22988.054 | M47: =N47/O47 -> 0.018586923 | N47: =O47-L47 -> 435.36937 | O47: =P47/$O$4 -> 23423.423 | P47: 26000 | Q47: =P47/E47 -> 4333.3333 | T47: =AD47*$T$3 -> 0 | U47: =AD47*$U$3 -> 0 | V47: =AD47*$V$3 -> 0 | W47: =AD47*$W$3 -> 0 | X47: 1250 | Y47: =D47*$Y$3*S47 -> 0 | Z47: =(D47*S47)+T47+U47+V47+W47+X47+Y47 -> 1250 | AA47: =AB47/AC47 -> #DIV/0! | AB47: =AC47-Z47 -> -1250 | AC47: =AD47/$O$4 -> 0 | AE47: =AD47/S47 -> #DIV/0! | AH47: =AR47*$AH$3 -> 0 | AI47: =AR47*$AI$3 -> 0 | AJ47: =AR47*$AJ$3 -> 0 | AK47: =AR47*$AK$3 -> 0 | AL47: 1250 | AM47: =AF47*$AM$3 -> 0 | AN47: =(R47*AG47)+AH47+AI47+AJ47+AK47+AL47+AM47 -> 1250 | AO47: =AP47/AQ47 -> #DIV/0! | AP47: =AQ47-AN47 -> -1250 | AQ47: =AR47/$O$4 -> 0 | AS47: =AR47/AG47 -> #DIV/0!
A48: C.M.SUPER 5PCS FREE 1PCS | B48: =B6 -> 3500 | C48: =B48*$C$4 -> 2870 | D48: =C48/$D$4 -> 2585.5856 | E48: 6 | F48: =P48*$F$3 -> 2940 | G48: =P48*$G$3 -> 1323 | H48: =P48*$H$3 -> 2352 | I48: =P48*$I$3 -> 0 | J48: 1250 | K48: =D48*$K$3*E48 -> 1085.9459 | L48: =(D48*E48)+F48+G48+H48+I48+J48+K48 -> 24464.459 | M48: =N48/O48 -> 0.076341837 | N48: =O48-L48 -> 2022.027 | O48: =P48/$O$4 -> 26486.486 | P48: 29400 | Q48: =P48/E48 -> 4900 | T48: =AD48*$T$3 -> 0 | U48: =AD48*$U$3 -> 0 | V48: =AD48*$V$3 -> 0 | W48: =AD48*$W$3 -> 0 | X48: 1250 | Y48: =D48*$Y$3*S48 -> 0 | Z48: =(D48*S48)+T48+U48+V48+W48+X48+Y48 -> 1250 | AA48: =AB48/AC48 -> #DIV/0! | AB48: =AC48-Z48 -> -1250 | AC48: =AD48/$O$4 -> 0 | AE48: =AD48/S48 -> #DIV/0! | AH48: =AR48*$AH$3 -> 0 | AI48: =AR48*$AI$3 -> 0 | AJ48: =AR48*$AJ$3 -> 0 | AK48: =AR48*$AK$3 -> 0 | AL48: 1250 | AM48: =AF48*$AM$3 -> 0 | AN48: =(R48*AG48)+AH48+AI48+AJ48+AK48+AL48+AM48 -> 1250 | AO48: =AP48/AQ48 -> #DIV/0! | AP48: =AQ48-AN48 -> -1250 | AQ48: =AR48/$O$4 -> 0 | AS48: =AR48/AG48 -> #DIV/0!
A49: C.B.TURBO 5PCS FREE 1PCS | B49: =B7 -> 4100 | C49: =B49*$C$4 -> 3362 | D49: =C49/$D$4 -> 3028.8288 | E49: 6 | F49: =P49*$F$3 -> 3450 | G49: =P49*$G$3 -> 1552.5 | H49: =P49*$H$3 -> 2760 | I49: =P49*$I$3 -> 0 | J49: 1250 | K49: =D49*$K$3*E49 -> 1272.1081 | L49: =(D49*E49)+F49+G49+H49+I49+J49+K49 -> 28457.581 | M49: =N49/O49 -> 0.084408261 | N49: =O49-L49 -> 2623.5 | O49: =P49/$O$4 -> 31081.081 | P49: 34500 | Q49: =P49/E49 -> 5750 | T49: =AD49*$T$3 -> 0 | U49: =AD49*$U$3 -> 0 | V49: =AD49*$V$3 -> 0 | W49: =AD49*$W$3 -> 0 | X49: 1250 | Y49: =D49*$Y$3*S49 -> 0 | Z49: =(D49*S49)+T49+U49+V49+W49+X49+Y49 -> 1250 | AA49: =AB49/AC49 -> #DIV/0! | AB49: =AC49-Z49 -> -1250 | AC49: =AD49/$O$4 -> 0 | AE49: =AD49/S49 -> #DIV/0! | AH49: =AR49*$AH$3 -> 0 | AI49: =AR49*$AI$3 -> 0 | AJ49: =AR49*$AJ$3 -> 0 | AK49: =AR49*$AK$3 -> 0 | AL49: 1250 | AM49: =AF49*$AM$3 -> 0 | AN49: =(R49*AG49)+AH49+AI49+AJ49+AK49+AL49+AM49 -> 1250 | AO49: =AP49/AQ49 -> #DIV/0! | AP49: =AQ49-AN49 -> -1250 | AQ49: =AR49/$O$4 -> 0 | AS49: =AR49/AG49 -> #DIV/0!
A50: C. SERI FLAG 5PCS FREE 1PCS | B50: =B17 -> 3850 | C50: =B50*$C$4 -> 3157 | D50: =C50/$D$4 -> 2844.1441 | E50: 6 | F50: =P50*$F$3 -> 3050 | G50: =P50*$G$3 -> 1372.5 | H50: =P50*$H$3 -> 2440 | I50: =P50*$I$3 -> 0 | J50: 1250 | K50: =D50*$K$3*E50 -> 1194.5405 | L50: =(D50*E50)+F50+G50+H50+I50+J50+K50 -> 26371.905 | M50: =N50/O50 -> 0.040235574 | N50: =O50-L50 -> 1105.5721 | O50: =P50/$O$4 -> 27477.477 | P50: 30500 | Q50: =P50/E50 -> 5083.3333 | T50: =AD50*$T$3 -> 0 | U50: =AD50*$U$3 -> 0 | V50: =AD50*$V$3 -> 0 | W50: =AD50*$W$3 -> 0 | X50: 1250 | Y50: =D50*$Y$3*S50 -> 0 | Z50: =(D50*S50)+T50+U50+V50+W50+X50+Y50 -> 1250 | AA50: =AB50/AC50 -> #DIV/0! | AB50: =AC50-Z50 -> -1250 | AC50: =AD50/$O$4 -> 0 | AE50: =AD50/S50 -> #DIV/0! | AH50: =AR50*$AH$3 -> 0 | AI50: =AR50*$AI$3 -> 0 | AJ50: =AR50*$AJ$3 -> 0 | AK50: =AR50*$AK$3 -> 0 | AL50: 1250 | AM50: =AF50*$AM$3 -> 0 | AN50: =(R50*AG50)+AH50+AI50+AJ50+AK50+AL50+AM50 -> 1250 | AO50: =AP50/AQ50 -> #DIV/0! | AP50: =AQ50-AN50 -> -1250 | AQ50: =AR50/$O$4 -> 0 | AS50: =AR50/AG50 -> #DIV/0!
A51: C.ORI 2+M.SUPER 2+B.TURBO 1PCS FREE 1ORI | B51: =B5*3+B6*2+B7 -> 21150 | C51: =B51*$C$4 -> 17343 | D51: =C51/$D$4 -> 15624.324 | E51: 1 | F51: =P51*$F$3 -> 2700 | G51: =P51*$G$3 -> 1215 | H51: =P51*$H$3 -> 2160 | I51: =P51*$I$3 -> 0 | J51: 1250 | K51: =D51*$K$3*E51 -> 1093.7027 | L51: =(D51*E51)+F51+G51+H51+I51+J51+K51 -> 24043.027 | M51: =N51/O51 -> 0.011564444 | N51: =O51-L51 -> 281.2973 | O51: =P51/$O$4 -> 24324.324 | P51: 27000 | Q51: =P51/E51 -> 27000 | Y51: =D51*$Y$3*S51 -> 0
A52: C.ORI 2+M.SUPER 3 FREE 1PCS ORI | B52: =B5*3+B6*3 -> 20550 | C52: =B52*$C$4 -> 16851 | D52: =C52/$D$4 -> 15181.081 | E52: 1 | F52: =P52*$F$3 -> 2600 | G52: =P52*$G$3 -> 1170 | H52: =P52*$H$3 -> 2080 | I52: =P52*$I$3 -> 0 | J52: 1250 | K52: =D52*$K$3*E52 -> 1062.6757 | L52: =(D52*E52)+F52+G52+H52+I52+J52+K52 -> 23343.757 | M52: =N52/O52 -> 0.0034011538 | N52: =O52-L52 -> 79.666667 | O52: =P52/$O$4 -> 23423.423 | P52: 26000 | Q52: =P52/E52 -> 26000 | Y52: =D52*$Y$3*S52 -> 0
A53: C.M.SUPER 3+B.TURBO 2 FREE 1PCS B.TURBO | B53: =B6*3+B7*3 -> 22800 | C53: =B53*$C$4 -> 18696 | D53: =C53/$D$4 -> 16843.243 | E53: 1 | F53: =P53*$F$3 -> 0 | G53: =P53*$G$3 -> 0 | H53: =P53*$H$3 -> 0 | I53: =P53*$I$3 -> 0 | J53: 1250 | K53: =D53*$K$3*E53 -> 1179.027 | L53: =(D53*E53)+F53+G53+H53+I53+J53+K53 -> 19272.27 | M53: =N53/O53 -> #DIV/0! | N53: =O53-L53 -> -19272.27 | O53: =P53/$O$4 -> 0 | Q53: =P53/E53 -> 0 | Y53: =D53*$Y$3*S53 -> 0
A54: C.IDEA 3+C.ORI 2 FREE 1PCS ORI | B54: =B9*3+B5*3 -> 40050 | C54: =B54*$C$4 -> 32841 | D54: =C54/$D$4 -> 29586.486 | E54: 1 | F54: =P54*$F$3 -> 0 | G54: =P54*$G$3 -> 0 | H54: =P54*$H$3 -> 0 | I54: =P54*$I$3 -> 0 | J54: 1250 | K54: =D54*$K$3*E54 -> 2071.0541 | L54: =(D54*E54)+F54+G54+H54+I54+J54+K54 -> 32907.541 | M54: =N54/O54 -> #DIV/0! | N54: =O54-L54 -> -32907.541 | O54: =P54/$O$4 -> 0 | Q54: =P54/E54 -> 0 | Y54: =D54*$Y$3*S54 -> 0
A55: C.IDEA 3+C.M.SUPER 2 FREE 1PCS M.SUPER | B55: =B9*3+B5*3 -> 40050 | C55: =B55*$C$4 -> 32841 | D55: =C55/$D$4 -> 29586.486 | E55: 1 | F55: =P55*$F$3 -> 0 | G55: =P55*$G$3 -> 0 | H55: =P55*$H$3 -> 0 | I55: =P55*$I$3 -> 0 | J55: 1250 | K55: =D55*$K$3*E55 -> 2071.0541 | L55: =(D55*E55)+F55+G55+H55+I55+J55+K55 -> 32907.541 | M55: =N55/O55 -> #DIV/0! | N55: =O55-L55 -> -32907.541 | O55: =P55/$O$4 -> 0 | Q55: =P55/E55 -> 0 | Y55: =D55*$Y$3*S55 -> 0
A56: C.IDEA 3+C.B.TURBO 2 FREE1PCS B.TURBO | B56: =B9*3+B7*3 -> 42300 | C56: =B56*$C$4 -> 34686 | D56: =C56/$D$4 -> 31248.649 | E56: 1 | F56: =P56*$F$3 -> 0 | G56: =P56*$G$3 -> 0 | H56: =P56*$H$3 -> 0 | I56: =P56*$I$3 -> 0 | J56: 1250 | K56: =D56*$K$3*E56 -> 2187.4054 | L56: =(D56*E56)+F56+G56+H56+I56+J56+K56 -> 34686.054 | M56: =N56/O56 -> #DIV/0! | N56: =O56-L56 -> -34686.054 | O56: =P56/$O$4 -> 0 | Q56: =P56/E56 -> 0 | Y56: =D56*$Y$3*S56 -> 0
A57: C.IDEA 4PCS FREE 1PCS G.BUTANE | B57: =B9*4+B13 -> 45900 | C57: =B57*$C$4 -> 37638 | D57: =C57/$D$4 -> 33908.108 | E57: 1 | F57: =P57*$F$3 -> 0 | G57: =P57*$G$3 -> 0 | H57: =P57*$H$3 -> 0 | I57: =P57*$I$3 -> 0 | J57: 1250 | K57: =D57*$K$3*E57 -> 2373.5676 | L57: =(D57*E57)+F57+G57+H57+I57+J57+K57 -> 37531.676 | M57: =N57/O57 -> #DIV/0! | N57: =O57-L57 -> -37531.676 | O57: =P57/$O$4 -> 0 | Q57: =P57/E57 -> 0 | Y57: =D57*$Y$3*S57 -> 0
A58: C.SUPERJET 4PCS FREE 1PCS G.BUTANE | B58: =B8*4+B13 -> 105900 | C58: =B58*$C$4 -> 86838 | D58: =C58/$D$4 -> 78232.432 | E58: 1 | F58: =P58*$F$3 -> 0 | G58: =P58*$G$3 -> 0 | H58: =P58*$H$3 -> 0 | I58: =P58*$I$3 -> 0 | J58: 1250 | K58: =D58*$K$3*E58 -> 5476.2703 | L58: =(D58*E58)+F58+G58+H58+I58+J58+K58 -> 84958.703 | M58: =N58/O58 -> #DIV/0! | N58: =O58-L58 -> -84958.703 | O58: =P58/$O$4 -> 0 | Q58: =P58/E58 -> 0 | Y58: =D58*$Y$3*S58 -> 0
C59: =B59*$C$4 -> 0 | D59: =C59/$D$4 -> 0 | E59: 1 | F59: =P59*$F$3 -> 0 | G59: =P59*$G$3 -> 0 | H59: =P59*$H$3 -> 0 | I59: =P59*$I$3 -> 0 | J59: 1250 | K59: =D59*$K$3*E59 -> 0 | L59: =(D59*E59)+F59+G59+H59+I59+J59+K59 -> 1250 | M59: =N59/O59 -> #DIV/0! | N59: =O59-L59 -> -1250 | O59: =P59/$O$4 -> 0 | Q59: =P59/E59 -> 0 | Y59: =D59*$Y$3*S59 -> 0
A60: C.IDEA 5PCS FREE 1PCS G.BUTANE | B60: =B9*5+B13 -> 55900 | C60: =B60*$C$4 -> 45838 | D60: =C60/$D$4 -> 41295.495 | E60: 1 | F60: =P60*$F$3 -> 0 | G60: =P60*$G$3 -> 0 | H60: =P60*$H$3 -> 0 | I60: =P60*$I$3 -> 0 | J60: 1250 | K60: =D60*$K$3*E60 -> 2890.6847 | L60: =(D60*E60)+F60+G60+H60+I60+J60+K60 -> 45436.18 | M60: =N60/O60 -> #DIV/0! | N60: =O60-L60 -> -45436.18 | O60: =P60/$O$4 -> 0 | Q60: =P60/E60 -> 0 | Y60: =D60*$Y$3*S60 -> 0
A61: C.POWERJET 4PCS FREE 1PCS G.BUTANE | B61: =B12*4+B13 -> 297900 | C61: =B61*$C$4 -> 244278 | D61: =C61/$D$4 -> 220070.27 | E61: 1 | F61: =P61*$F$3 -> 0 | G61: =P61*$G$3 -> 0 | H61: =P61*$H$3 -> 0 | I61: =P61*$I$3 -> 0 | J61: 1250 | K61: =D61*$K$3*E61 -> 15404.919 | L61: =(D61*E61)+F61+G61+H61+I61+J61+K61 -> 236725.19 | M61: =N61/O61 -> #DIV/0! | N61: =O61-L61 -> -236725.19 | O61: =P61/$O$4 -> 0 | Q61: =P61/E61 -> 0 | Y61: =D61*$Y$3*S61 -> 0
A62: C.FLEXIE 4PCS FREE 1PCS G.BUTANE | B62: =B10*4+B13 -> 65900 | C62: =B62*$C$4 -> 54038 | D62: =C62/$D$4 -> 48682.883 | E62: 1 | F62: =P62*$F$3 -> 0 | G62: =P62*$G$3 -> 0 | H62: =P62*$H$3 -> 0 | I62: =P62*$I$3 -> 0 | J62: 1250 | K62: =D62*$K$3*E62 -> 3407.8018 | L62: =(D62*E62)+F62+G62+H62+I62+J62+K62 -> 53340.685 | M62: =N62/O62 -> #DIV/0! | N62: =O62-L62 -> -53340.685 | O62: =P62/$O$4 -> 0 | Q62: =P62/E62 -> 0 | Y62: =D62*$Y$3*S62 -> 0
A63: C.FLEXIE W 4PCS FREE 1PCS G.BUTANE | B63: =B11*4+B13 -> 77900 | C63: =B63*$C$4 -> 63878 | D63: =C63/$D$4 -> 57547.748 | E63: 1 | F63: =P63*$F$3 -> 0 | G63: =P63*$G$3 -> 0 | H63: =P63*$H$3 -> 0 | I63: =P63*$I$3 -> 0 | J63: 1250 | K63: =D63*$K$3*E63 -> 4028.3423 | L63: =(D63*E63)+F63+G63+H63+I63+J63+K63 -> 62826.09 | M63: =N63/O63 -> #DIV/0! | N63: =O63-L63 -> -62826.09 | O63: =P63/$O$4 -> 0 | Q63: =P63/E63 -> 0 | Y63: =D63*$Y$3*S63 -> 0
C64: =B64*$C$4 -> 0 | D64: =C64/$D$4 -> 0 | E64: 1 | F64: =P64*$F$3 -> 0 | G64: =P64*$G$3 -> 0 | H64: =P64*$H$3 -> 0 | I64: =P64*$I$3 -> 0 | J64: 1250 | K64: =D64*$K$3*E64 -> 0 | L64: =(D64*E64)+F64+G64+H64+I64+J64+K64 -> 1250 | M64: =N64/O64 -> #DIV/0! | N64: =O64-L64 -> -1250 | O64: =P64/$O$4 -> 0 | Q64: =P64/E64 -> 0 | Y64: =D64*$Y$3*S64 -> 0
C65: =B65*$C$4 -> 0 | D65: =C65/$D$4 -> 0 | E65: 1 | F65: =P65*$F$3 -> 0 | G65: =P65*$G$3 -> 0 | H65: =P65*$H$3 -> 0 | I65: =P65*$I$3 -> 0 | J65: 1250 | K65: =D65*$K$3*E65 -> 0 | L65: =(D65*E65)+F65+G65+H65+I65+J65+K65 -> 1250 | M65: =N65/O65 -> #DIV/0! | N65: =O65-L65 -> -1250 | O65: =P65/$O$4 -> 0 | Q65: =P65/E65 -> 0 | T65: =AD65*$T$3 -> 0 | U65: =AD65*$U$3 -> 0 | V65: =AD65*$V$3 -> 0 | W65: =AD65*$W$3 -> 0 | X65: 1250 | Y65: =D65*$Y$3*S65 -> 0 | Z65: =(D65*S65)+T65+U65+V65+W65+X65+Y65 -> 1250 | AA65: =AB65/AC65 -> #DIV/0! | AB65: =AC65-Z65 -> -1250 | AC65: =AD65/$O$4 -> 0 | AE65: =AD65/S65 -> #DIV/0! | AH65: =AR65*$AH$3 -> 0 | AI65: =AR65*$AI$3 -> 0 | AJ65: =AR65*$AJ$3 -> 0 | AK65: =AR65*$AK$3 -> 0 | AL65: 1250 | AM65: =AF65*$AM$3 -> 0 | AN65: =(R65*AG65)+AH65+AI65+AJ65+AK65+AL65+AM65 -> 1250 | AO65: =AP65/AQ65 -> #DIV/0! | AP65: =AQ65-AN65 -> -1250 | AQ65: =AR65/$O$4 -> 0 | AS65: =AR65/AG65 -> #DIV/0!
A66: C.M.SUPER 1BOX FREE 5PCS | B66: =B6*55 -> 192500 | C66: =B66*$C$4 -> 157850 | D66: =C66/$D$4 -> 142207.21 | E66: 1 | F66: =P66*$F$3 -> 24930 | G66: =P66*$G$3 -> 11218.5 | H66: =P66*$H$3 -> 19944 | I66: =P66*$I$3 -> 0 | J66: 1250 | K66: =D66*$K$3*E66 -> 9954.5045 | L66: =(D66*E66)+F66+G66+H66+I66+J66+K66 -> 209504.21 | M66: =N66/O66 -> 0.06718943 | N66: =O66-L66 -> 15090.383 | O66: =P66/$O$4 -> 224594.59 | P66: 249300 | Q66: =P66/E66 -> 249300 | T66: =AD66*$T$3 -> 0 | U66: =AD66*$U$3 -> 0 | V66: =AD66*$V$3 -> 0 | W66: =AD66*$W$3 -> 0 | X66: 1250 | Y66: =D66*$Y$3*S66 -> 0 | Z66: =(D66*S66)+T66+U66+V66+W66+X66+Y66 -> 1250 | AA66: =AB66/AC66 -> #DIV/0! | AB66: =AC66-Z66 -> -1250 | AC66: =AD66/$O$4 -> 0 | AE66: =AD66/S66 -> #DIV/0! | AH66: =AR66*$AH$3 -> 0 | AI66: =AR66*$AI$3 -> 0 | AJ66: =AR66*$AJ$3 -> 0 | AK66: =AR66*$AK$3 -> 0 | AL66: 1250 | AM66: =AF66*$AM$3 -> 0 | AN66: =(R66*AG66)+AH66+AI66+AJ66+AK66+AL66+AM66 -> 1250 | AO66: =AP66/AQ66 -> #DIV/0! | AP66: =AQ66-AN66 -> -1250 | AQ66: =AR66/$O$4 -> 0 | AS66: =AR66/AG66 -> #DIV/0!
A67: C.B.TURBO 1BOX FREE 2PCS G.BUTANE | B67: =B7*25+B13*2 -> 114300 | C67: =B67*$C$4 -> 93726 | D67: =C67/$D$4 -> 84437.838 | E67: 1 | F67: =P67*$F$3 -> 14400 | G67: =P67*$G$3 -> 6480 | H67: =P67*$H$3 -> 11520 | I67: =P67*$I$3 -> 0 | J67: 1250 | K67: =D67*$K$3*E67 -> 5910.6486 | L67: =(D67*E67)+F67+G67+H67+I67+J67+K67 -> 123998.49 | M67: =N67/O67 -> 0.044178333 | N67: =O67-L67 -> 5731.2432 | O67: =P67/$O$4 -> 129729.73 | P67: 144000 | Q67: =P67/E67 -> 144000 | T67: =AD67*$T$3 -> 0 | U67: =AD67*$U$3 -> 0 | V67: =AD67*$V$3 -> 0 | W67: =AD67*$W$3 -> 0 | X67: 1250 | Y67: =D67*$Y$3*S67 -> 0 | Z67: =(D67*S67)+T67+U67+V67+W67+X67+Y67 -> 1250 | AA67: =AB67/AC67 -> #DIV/0! | AB67: =AC67-Z67 -> -1250 | AC67: =AD67/$O$4 -> 0 | AE67: =AD67/S67 -> #DIV/0! | AH67: =AR67*$AH$3 -> 0 | AI67: =AR67*$AI$3 -> 0 | AJ67: =AR67*$AJ$3 -> 0 | AK67: =AR67*$AK$3 -> 0 | AL67: 1250 | AM67: =AF67*$AM$3 -> 0 | AN67: =(R67*AG67)+AH67+AI67+AJ67+AK67+AL67+AM67 -> 1250 | AO67: =AP67/AQ67 -> #DIV/0! | AP67: =AQ67-AN67 -> -1250 | AQ67: =AR67/$O$4 -> 0 | AS67: =AR67/AG67 -> #DIV/0!
A68: C.M.S P.BLACK 1BOX FREE 5PCS | B68: =B15*55 -> 192500 | C68: =B68*$C$4 -> 157850 | D68: =C68/$D$4 -> 142207.21 | E68: 1 | F68: =P68*$F$3 -> 25430 | G68: =P68*$G$3 -> 11443.5 | H68: =P68*$H$3 -> 20344 | I68: =P68*$I$3 -> 0 | J68: 1250 | K68: =D68*$K$3*E68 -> 9954.5045 | L68: =(D68*E68)+F68+G68+H68+I68+J68+K68 -> 210629.21 | M68: =N68/O68 -> 0.080619642 | N68: =O68-L68 -> 18469.887 | O68: =P68/$O$4 -> 229099.1 | P68: 254300 | Q68: =P68/E68 -> 254300 | T68: =AD68*$T$3 -> 0 | U68: =AD68*$U$3 -> 0 | V68: =AD68*$V$3 -> 0 | W68: =AD68*$W$3 -> 0 | X68: 1250 | Y68: =D68*$Y$3*S68 -> 0 | Z68: =(D68*S68)+T68+U68+V68+W68+X68+Y68 -> 1250 | AA68: =AB68/AC68 -> #DIV/0! | AB68: =AC68-Z68 -> -1250 | AC68: =AD68/$O$4 -> 0 | AE68: =AD68/S68 -> #DIV/0! | AH68: =AR68*$AH$3 -> 0 | AI68: =AR68*$AI$3 -> 0 | AJ68: =AR68*$AJ$3 -> 0 | AK68: =AR68*$AK$3 -> 0 | AL68: 1250 | AM68: =AF68*$AM$3 -> 0 | AN68: =(R68*AG68)+AH68+AI68+AJ68+AK68+AL68+AM68 -> 1250 | AO68: =AP68/AQ68 -> #DIV/0! | AP68: =AQ68-AN68 -> -1250 | AQ68: =AR68/$O$4 -> 0 | AS68: =AR68/AG68 -> #DIV/0!
A69: C.M.S P.WHITE 1BOX FREE 5PCS | B69: =B14*55 -> 192500 | C69: =B69*$C$4 -> 157850 | D69: =C69/$D$4 -> 142207.21 | E69: 1 | F69: =P69*$F$3 -> 25430 | G69: =P69*$G$3 -> 11443.5 | H69: =P69*$H$3 -> 20344 | I69: =P69*$I$3 -> 0 | J69: 1250 | K69: =D69*$K$3*E69 -> 9954.5045 | L69: =(D69*E69)+F69+G69+H69+I69+J69+K69 -> 210629.21 | M69: =N69/O69 -> 0.080619642 | N69: =O69-L69 -> 18469.887 | O69: =P69/$O$4 -> 229099.1 | P69: 254300 | Q69: =P69/E69 -> 254300 | T69: =AD69*$T$3 -> 0 | U69: =AD69*$U$3 -> 0 | V69: =AD69*$V$3 -> 0 | W69: =AD69*$W$3 -> 0 | X69: 1250 | Y69: =D69*$Y$3*S69 -> 0 | Z69: =(D69*S69)+T69+U69+V69+W69+X69+Y69 -> 1250 | AA69: =AB69/AC69 -> #DIV/0! | AB69: =AC69-Z69 -> -1250 | AC69: =AD69/$O$4 -> 0 | AE69: =AD69/S69 -> #DIV/0! | AH69: =AR69*$AH$3 -> 0 | AI69: =AR69*$AI$3 -> 0 | AJ69: =AR69*$AJ$3 -> 0 | AK69: =AR69*$AK$3 -> 0 | AL69: 1250 | AM69: =AF69*$AM$3 -> 0 | AN69: =(R69*AG69)+AH69+AI69+AJ69+AK69+AL69+AM69 -> 1250 | AO69: =AP69/AQ69 -> #DIV/0! | AP69: =AQ69-AN69 -> -1250 | AQ69: =AR69/$O$4 -> 0 | AS69: =AR69/AG69 -> #DIV/0!
C70: =B70*$C$4 -> 0 | D70: =C70/$D$4 -> 0 | E70: 1 | F70: =P70*$F$3 -> 0 | G70: =P70*$G$3 -> 0 | H70: =P70*$H$3 -> 0 | I70: =P70*$I$3 -> 0 | J70: 1250 | K70: =D70*$K$3*E70 -> 0 | L70: =(D70*E70)+F70+G70+H70+I70+J70+K70 -> 1250 | M70: =N70/O70 -> #DIV/0! | N70: =O70-L70 -> -1250 | O70: =P70/$O$4 -> 0 | Q70: =P70/E70 -> 0 | Y70: =D70*$Y$3*S70 -> 0
C71: =B71*$C$4 -> 0 | D71: =C71/$D$4 -> 0 | E71: 1 | F71: =P71*$F$3 -> 0 | G71: =P71*$G$3 -> 0 | H71: =P71*$H$3 -> 0 | I71: =P71*$I$3 -> 0 | J71: 1250 | K71: =D71*$K$3*E71 -> 0 | L71: =(D71*E71)+F71+G71+H71+I71+J71+K71 -> 1250 | M71: =N71/O71 -> #DIV/0! | N71: =O71-L71 -> -1250 | O71: =P71/$O$4 -> 0 | Q71: =P71/E71 -> 0 | Y71: =D71*$Y$3*S71 -> 0
A72: MIX
Y73: =D73*$Y$3*S73 -> 0
A74: CRICKET MINI PRINT UV | B74: =175000/50+2000 -> 5500 | C74: =B74 -> 5500 | D74: =C74/$D$4 -> 4954.955 | E74: 2 | F74: =P74*$F$3 -> 2800 | G74: =P74*$G$3 -> 1260 | H74: =P74*$H$3 -> 2240 | I74: =P74*$I$3 -> 0 | J74: 1250 | K74: =D74*$K$3*E74 -> 693.69369 | L74: =(D74*E74)+F74+G74+H74+I74+J74+K74 -> 18153.604 | M74: =N74/O74 -> 0.28033929 | N74: =O74-L74 -> 7071.6216 | O74: =P74/$O$4 -> 25225.225 | P74: 28000 | Q74: =P74/E74 -> 14000 | Y74: =D74*$Y$3*S74 -> 0
A75: CRICKET ELEKTRIK PRINT UV | B75: =187500/25+2000 -> 9500 | C75: =B75 -> 9500 | D75: =C75/$D$4 -> 8558.5586 | E75: 2 | F75: =P75*$F$3 -> 3000 | G75: =P75*$G$3 -> 1350 | H75: =P75*$H$3 -> 2400 | I75: =P75*$I$3 -> 0 | J75: 1250 | K75: =D75*$K$3*E75 -> 1198.1982 | L75: =(D75*E75)+F75+G75+H75+I75+J75+K75 -> 26315.315 | M75: =N75/O75 -> 0.026333333 | N75: =O75-L75 -> 711.71171 | O75: =P75/$O$4 -> 27027.027 | P75: 30000 | Q75: =P75/E75 -> 15000 | Y75: =D75*$Y$3*S75 -> 0
A76: XHD39 TOSCA | B76: =9900/10 -> 990 | C76: =B76 -> 990 | D76: =C76/$D$4 -> 891.89189 | E76: 5 | F76: =P76*$F$3 -> 3500 | G76: =P76*$G$3 -> 1575 | H76: =P76*$H$3 -> 2800 | I76: =P76*$I$3 -> 0 | J76: 1250 | K76: =D76*$K$3*E76 -> 312.16216 | L76: =(D76*E76)+F76+G76+H76+I76+J76+K76 -> 13896.622 | M76: =N76/O76 -> 0.55927857 | N76: =O76-L76 -> 17634.91 | O76: =P76/$O$4 -> 31531.532 | P76: 35000 | Q76: =P76/E76 -> 7000 | Y76: =D76*$Y$3*S76 -> 0
A77: XHD88 5WARNA | B77: =9900/10 -> 990 | C77: =B77 -> 990 | D77: =C77/$D$4 -> 891.89189 | E77: 2 | F77: =P77*$F$3 -> 1700 | G77: =P77*$G$3 -> 765 | H77: =P77*$H$3 -> 1360 | I77: =P77*$I$3 -> 0 | J77: 1250 | K77: =D77*$K$3*E77 -> 124.86486 | L77: =(D77*E77)+F77+G77+H77+I77+J77+K77 -> 6983.6486 | M77: =N77/O77 -> 0.54400882 | N77: =O77-L77 -> 8331.6667 | O77: =P77/$O$4 -> 15315.315 | P77: 17000 | Q77: =P77/E77 -> 8500 | Y77: =D77*$Y$3*S77 -> 0
C78: =B78 | E78: 2 | Q78: =P78/E78 -> 0 | Y78: =D78*$Y$3*S78 -> 0
C79: =B79 | E79: 2 | Y79: =D79*$Y$3*S79 -> 0
C80: =B80 | E80: 2 | Y80: =D80*$Y$3*S80 -> 0
C81: =B81 | E81: 2 | Y81: =D81*$Y$3*S81 -> 0
C82: =B82 | D82: =C82/$D$4 -> 0 | E82: 2 | F82: =P82*$F$3 -> 0 | G82: =P82*$G$3 -> 0 | H82: =P82*$H$3 -> 0 | I82: =P82*$I$3 -> 0 | J82: 1250 | K82: =D82*$K$3*E82 -> 0 | L82: =(D82*E82)+F82+G82+H82+I82+J82+K82 -> 1250 | M82: =N82/O82 -> #DIV/0! | N82: =O82-L82 -> -1250 | O82: =P82/$O$4 -> 0 | Q82: =P82/E82 -> 0 | Y82: =D82*$Y$3*S82 -> 0
C83: =B83 | D83: =C83/$D$4 -> 0 | E83: 2 | F83: =P83*$F$3 -> 0 | G83: =P83*$G$3 -> 0 | H83: =P83*$H$3 -> 0 | I83: =P83*$I$3 -> 0 | J83: 1250 | K83: =D83*$K$3*E83 -> 0 | L83: =(D83*E83)+F83+G83+H83+I83+J83+K83 -> 1250 | M83: =N83/O83 -> #DIV/0! | N83: =O83-L83 -> -1250 | O83: =P83/$O$4 -> 0 | Q83: =P83/E83 -> 0 | Y83: =D83*$Y$3*S83 -> 0
C84: =B84*$C$4 -> 0 | D84: =C84/$D$4 -> 0 | E84: 1 | F84: =P84*$F$3 -> 0 | G84: =P84*$G$3 -> 0 | H84: =P84*$H$3 -> 0 | I84: =P84*$I$3 -> 0 | J84: 1250 | K84: =D84*$K$3*E84 -> 0 | L84: =(D84*E84)+F84+G84+H84+I84+J84+K84 -> 1250 | M84: =N84/O84 -> #DIV/0! | N84: =O84-L84 -> -1250 | O84: =P84/$O$4 -> 0 | Q84: =P84/E84 -> 0 | Y84: =D84*$Y$3*S84 -> 0
C85: =B85*$C$4 -> 0 | D85: =C85/$D$4 -> 0 | F85: =P85*$F$3 -> 0 | G85: =P85*$G$3 -> 0 | H85: =P85*$H$3 -> 0 | I85: =P85*$I$3 -> 0 | J85: 1250 | K85: =D85*$K$3*E85 -> 0 | L85: =(D85*E85)+F85+G85+H85+I85+J85+K85 -> 1250 | M85: =N85/O85 -> #DIV/0! | N85: =O85-L85 -> -1250 | O85: =P85/$O$4 -> 0 | Q85: =P85/E85 -> #DIV/0! | Y85: =D85*$Y$3*S85 -> 0 | AH85: =AR85*$AH$3 -> 0 | AI85: =AR85*$AI$3 -> 0 | AJ85: =AR85*$AJ$3 -> 0 | AK85: =AR85*$AK$3 -> 0 | AL85: 1250 | AM85: =AF85*$AM$3 -> 0 | AN85: =(R85*AG85)+AH85+AI85+AJ85+AK85+AL85+AM85 -> 1250 | AO85: =AP85/AQ85 -> #DIV/0! | AP85: =AQ85-AN85 -> -1250 | AQ85: =AR85/$O$4 -> 0 | AS85: =AR85/AG85 -> #DIV/0!
A86: ICQ
A87: ICQ ORIE | B87: ='HPP MALL'!B84 -> 1951 | C87: =B87*$C$4 -> 1599.82 | D87: =C87/$D$4 -> 1441.2793 | E87: 5 | F87: =P87*$F$3 -> 1600 | G87: =P87*$G$3 -> 720 | H87: =P87*$H$3 -> 1280 | I87: =P87*$I$3 -> 0 | J87: 1250 | K87: =D87*$K$3*E87 -> 504.44775 | L87: =(D87*E87)+F87+G87+H87+I87+J87+K87 -> 12560.844 | M87: =N87/O87 -> 0.12859144 | N87: =O87-L87 -> 1853.5703 | O87: =P87/$O$4 -> 14414.414 | P87: 16000 | Q87: =P87/E87 -> 3200 | S87: 50 | T87: =AD87*$T$3 -> 14200 | U87: =AD87*$U$3 -> 7100 | V87: =AD87*$V$3 -> 11360 | W87: =AD87*$W$3 -> 0 | X87: 1250 | Y87: =D87*$Y$3*S87 -> 5044.4775 | Z87: =(D87*S87)+T87+U87+V87+W87+X87+Y87 -> 111018.44 | AA87: =AB87/AC87 -> 0.13217979 | AB87: =AC87-Z87 -> 16909.486 | AC87: =AD87/$O$4 -> 127927.93 | AD87: 142000 | AE87: =AD87/S87 -> 2840 | AH87: =AR87*$AH$3 -> 0 | AI87: =AR87*$AI$3 -> 0 | AJ87: =AR87*$AJ$3 -> 0 | AK87: =AR87*$AK$3 -> 0 | AL87: 1250 | AM87: =AF87*$AM$3 -> 0 | AN87: =(R87*AG87)+AH87+AI87+AJ87+AK87+AL87+AM87 -> 1250 | AO87: =AP87/AQ87 -> #DIV/0! | AP87: =AQ87-AN87 -> -1250 | AQ87: =AR87/$O$4 -> 0 | AS87: =AR87/AG87 -> #DIV/0!
A88: ICQ MAGNET | B88: ='HPP MALL'!B85 -> 2700 | C88: =B88*$C$4 -> 2214 | D88: =C88/$D$4 -> 1994.5946 | E88: 5 | F88: =P88*$F$3 -> 1800 | G88: =P88*$G$3 -> 810 | H88: =P88*$H$3 -> 1440 | I88: =P88*$I$3 -> 0 | J88: 1250 | K88: =D88*$K$3*E88 -> 698.10811 | L88: =(D88*E88)+F88+G88+H88+I88+J88+K88 -> 15971.081 | M88: =N88/O88 -> 0.015116667 | N88: =O88-L88 -> 245.13514 | O88: =P88/$O$4 -> 16216.216 | P88: 18000 | Q88: =P88/E88 -> 3600 | S88: 50 | T88: =AD88*$T$3 -> 16900 | U88: =AD88*$U$3 -> 8450 | V88: =AD88*$V$3 -> 13520 | W88: =AD88*$W$3 -> 0 | X88: 1250 | Y88: =D88*$Y$3*S88 -> 6981.0811 | Z88: =(D88*S88)+T88+U88+V88+W88+X88+Y88 -> 146830.81 | AA88: =AB88/AC88 -> 0.035608284 | AB88: =AC88-Z88 -> 5421.4414 | AC88: =AD88/$O$4 -> 152252.25 | AD88: 169000 | AE88: =AD88/S88 -> 3380 | AH88: =AR88*$AH$3 -> 0 | AI88: =AR88*$AI$3 -> 0 | AJ88: =AR88*$AJ$3 -> 0 | AK88: =AR88*$AK$3 -> 0 | AL88: 1250 | AM88: =AF88*$AM$3 -> 0 | AN88: =(R88*AG88)+AH88+AI88+AJ88+AK88+AL88+AM88 -> 1250 | AO88: =AP88/AQ88 -> #DIV/0! | AP88: =AQ88-AN88 -> -1250 | AQ88: =AR88/$O$4 -> 0 | AS88: =AR88/AG88 -> #DIV/0!
A89: ICQ BARA TURBO | B89: ='HPP MALL'!B86 -> 3700 | C89: =B89*$C$4 -> 3034 | D89: =C89/$D$4 -> 2733.3333 | E89: 5 | F89: =P89*$F$3 -> 2800 | G89: =P89*$G$3 -> 1260 | H89: =P89*$H$3 -> 2240 | I89: =P89*$I$3 -> 0 | J89: 1250 | K89: =D89*$K$3*E89 -> 956.66667 | L89: =(D89*E89)+F89+G89+H89+I89+J89+K89 -> 22173.333 | M89: =N89/O89 -> 0.12098571 | N89: =O89-L89 -> 3051.8919 | O89: =P89/$O$4 -> 25225.225 | P89: 28000 | Q89: =P89/E89 -> 5600 | S89: 50 | T89: =AD89*$T$3 -> 23000 | U89: =AD89*$U$3 -> 11500 | V89: =AD89*$V$3 -> 18400 | W89: =AD89*$W$3 -> 0 | X89: 1250 | Y89: =D89*$Y$3*S89 -> 9566.6667 | Z89: =(D89*S89)+T89+U89+V89+W89+X89+Y89 -> 200383.33 | AA89: =AB89/AC89 -> 0.032932609 | AB89: =AC89-Z89 -> 6823.8739 | AC89: =AD89/$O$4 -> 207207.21 | AD89: 230000 | AE89: =AD89/S89 -> 4600 | AH89: =AR89*$AH$3 -> 0 | AI89: =AR89*$AI$3 -> 0 | AJ89: =AR89*$AJ$3 -> 0 | AK89: =AR89*$AK$3 -> 0 | AL89: 1250 | AM89: =AF89*$AM$3 -> 0 | AN89: =(R89*AG89)+AH89+AI89+AJ89+AK89+AL89+AM89 -> 1250 | AO89: =AP89/AQ89 -> #DIV/0! | AP89: =AQ89-AN89 -> -1250 | AQ89: =AR89/$O$4 -> 0 | AS89: =AR89/AG89 -> #DIV/0!
A90: ICQ BARA CUSTOM | B90: ='HPP MALL'!B87 -> 5700 | C90: =B90*$C$4 -> 4674 | D90: =C90/$D$4 -> 4210.8108 | E90: 5 | F90: =P90*$F$3 -> 4500 | G90: =P90*$G$3 -> 2025 | H90: =P90*$H$3 -> 3600 | I90: =P90*$I$3 -> 0 | J90: 1250 | K90: =D90*$K$3*E90 -> 1473.7838 | L90: =(D90*E90)+F90+G90+H90+I90+J90+K90 -> 33902.838 | M90: =N90/O90 -> 0.16373 | N90: =O90-L90 -> 6637.7027 | O90: =P90/$O$4 -> 40540.541 | P90: 45000 | Q90: =P90/E90 -> 9000 | S90: 50 | T90: =AD90*$T$3 -> 35000 | U90: =AD90*$U$3 -> 17500 | V90: =AD90*$V$3 -> 28000 | W90: =AD90*$W$3 -> 0 | X90: 1250 | Y90: =D90*$Y$3*S90 -> 14737.838 | Z90: =(D90*S90)+T90+U90+V90+W90+X90+Y90 -> 307028.38 | AA90: =AB90/AC90 -> 0.026281429 | AB90: =AC90-Z90 -> 8286.9369 | AC90: =AD90/$O$4 -> 315315.32 | AD90: 350000 | AE90: =AD90/S90 -> 7000 | AH90: =AR90*$AH$3 -> 0 | AI90: =AR90*$AI$3 -> 0 | AJ90: =AR90*$AJ$3 -> 0 | AK90: =AR90*$AK$3 -> 0 | AL90: 1250 | AM90: =AF90*$AM$3 -> 0 | AN90: =(R90*AG90)+AH90+AI90+AJ90+AK90+AL90+AM90 -> 1250 | AO90: =AP90/AQ90 -> #DIV/0! | AP90: =AQ90-AN90 -> -1250 | AQ90: =AR90/$O$4 -> 0 | AS90: =AR90/AG90 -> #DIV/0!
A91: ICQ MINIE | B91: ='HPP MALL'!B88 -> 6500 | C91: =B91*$C$4 -> 5330 | D91: =C91/$D$4 -> 4801.8018 | E91: 1 | F91: =P91*$F$3 -> 980 | G91: =P91*$G$3 -> 441 | H91: =P91*$H$3 -> 784 | I91: =P91*$I$3 -> 0 | J91: 1250 | K91: =D91*$K$3*E91 -> 336.12613 | L91: =(D91*E91)+F91+G91+H91+I91+J91+K91 -> 8592.9279 | M91: =N91/O91 -> 0.026719388 | N91: =O91-L91 -> 235.9009 | O91: =P91/$O$4 -> 8828.8288 | P91: 9800 | Q91: =P91/E91 -> 9800 | S91: 25 | T91: =AD91*$T$3 -> 20500 | U91: =AD91*$U$3 -> 10250 | V91: =AD91*$V$3 -> 16400 | W91: =AD91*$W$3 -> 0 | X91: 1250 | Y91: =D91*$Y$3*S91 -> 8403.1532 | Z91: =(D91*S91)+T91+U91+V91+W91+X91+Y91 -> 176848.2 | AA91: =AB91/AC91 -> 0.042431707 | AB91: =AC91-Z91 -> 7836.4865 | AC91: =AD91/$O$4 -> 184684.68 | AD91: 205000 | AE91: =AD91/S91 -> 8200 | AH91: =AR91*$AH$3 -> 0 | AI91: =AR91*$AI$3 -> 0 | AJ91: =AR91*$AJ$3 -> 0 | AK91: =AR91*$AK$3 -> 0 | AL91: 1250 | AM91: =AF91*$AM$3 -> 0 | AN91: =(R91*AG91)+AH91+AI91+AJ91+AK91+AL91+AM91 -> 1250 | AO91: =AP91/AQ91 -> #DIV/0! | AP91: =AQ91-AN91 -> -1250 | AQ91: =AR91/$O$4 -> 0 | AS91: =AR91/AG91 -> #DIV/0!
A92: ICQ CLASSIE | B92: ='HPP MALL'!B89 -> 11500 | C92: =B92*$C$4 -> 9430 | D92: =C92/$D$4 -> 8495.4955 | E92: 1 | F92: =P92*$F$3 -> 1590 | G92: =P92*$G$3 -> 715.5 | H92: =P92*$H$3 -> 1272 | I92: =P92*$I$3 -> 0 | J92: 1250 | K92: =D92*$K$3*E92 -> 594.68468 | L92: =(D92*E92)+F92+G92+H92+I92+J92+K92 -> 13917.68 | M92: =N92/O92 -> 0.028388365 | N92: =O92-L92 -> 406.64414 | O92: =P92/$O$4 -> 14324.324 | P92: 15900 | Q92: =P92/E92 -> 15900 | T92: =AD92*$T$3 -> 0 | U92: =AD92*$U$3 -> 0 | V92: =AD92*$V$3 -> 0 | W92: =AD92*$W$3 -> 0 | X92: 1250 | Y92: =D92*$Y$3*S92 -> 0 | Z92: =(D92*S92)+T92+U92+V92+W92+X92+Y92 -> 1250 | AA92: =AB92/AC92 -> #DIV/0! | AB92: =AC92-Z92 -> -1250 | AC92: =AD92/$O$4 -> 0 | AE92: =AD92/S92 -> #DIV/0! | AH92: =AR92*$AH$3 -> 0 | AI92: =AR92*$AI$3 -> 0 | AJ92: =AR92*$AJ$3 -> 0 | AK92: =AR92*$AK$3 -> 0 | AL92: 1250 | AM92: =AF92*$AM$3 -> 0 | AN92: =(R92*AG92)+AH92+AI92+AJ92+AK92+AL92+AM92 -> 1250 | AO92: =AP92/AQ92 -> #DIV/0! | AP92: =AQ92-AN92 -> -1250 | AQ92: =AR92/$O$4 -> 0 | AS92: =AR92/AG92 -> #DIV/0!
B93: ='HPP MALL'!B90 | Y93: =D93*$Y$3*S93 -> 0
A94: ICQ ORIE 5 GRATIS 1 | B94: ='HPP MALL'!B91 -> 1951 | C94: =B94*$C$4 -> 1599.82 | D94: =C94/$D$4 -> 1441.2793 | E94: 6 | F94: =P94*$F$3 -> 1750 | G94: =P94*$G$3 -> 787.5 | H94: =P94*$H$3 -> 1400 | I94: =P94*$I$3 -> 0 | J94: 1250 | K94: =D94*$K$3*E94 -> 605.3373 | L94: =(D94*E94)+F94+G94+H94+I94+J94+K94 -> 14440.513 | M94: =N94/O94 -> 0.084058891 | N94: =O94-L94 -> 1325.2528 | O94: =P94/$O$4 -> 15765.766 | P94: 17500 | Q94: =P94/E94 -> 2916.6667 | Y94: =D94*$Y$3*S94 -> 0
A95: ICQ MAGNET 5 GRATIS 1 | B95: ='HPP MALL'!B92 -> 2700 | C95: =B95*$C$4 -> 2214 | D95: =C95/$D$4 -> 1994.5946 | E95: 6 | F95: =P95*$F$3 -> 2100 | G95: =P95*$G$3 -> 945 | H95: =P95*$H$3 -> 1680 | I95: =P95*$I$3 -> 0 | J95: 1250 | K95: =D95*$K$3*E95 -> 837.72973 | L95: =(D95*E95)+F95+G95+H95+I95+J95+K95 -> 18780.297 | M95: =N95/O95 -> 0.0073271429 | N95: =O95-L95 -> 138.62162 | O95: =P95/$O$4 -> 18918.919 | P95: 21000 | Q95: =P95/E95 -> 3500 | Y95: =D95*$Y$3*S95 -> 0
A96: ICQ BARA TURBO 5 GRATIS 1 | B96: ='HPP MALL'!B93 -> 3700 | C96: =B96*$C$4 -> 3034 | D96: =C96/$D$4 -> 2733.3333 | E96: 6 | F96: =P96*$F$3 -> 3300 | G96: =P96*$G$3 -> 1485 | H96: =P96*$H$3 -> 2640 | I96: =P96*$I$3 -> 0 | J96: 1250 | K96: =D96*$K$3*E96 -> 1148 | L96: =(D96*E96)+F96+G96+H96+I96+J96+K96 -> 26223 | M96: =N96/O96 -> 0.11795364 | N96: =O96-L96 -> 3506.7297 | O96: =P96/$O$4 -> 29729.73 | P96: 33000 | Q96: =P96/E96 -> 5500 | Y96: =D96*$Y$3*S96 -> 0
B97: ='HPP MALL'!B94 | C97: =B97*$C$4 -> 0 | D97: =C97/$D$4 -> 0 | E97: 1 | F97: =P97*$F$3 -> 0 | G97: =P97*$G$3 -> 0 | H97: =P97*$H$3 -> 0 | I97: =P97*$I$3 -> 0 | J97: 1250 | K97: =D97*$K$3*E97 -> 0 | L97: =(D97*E97)+F97+G97+H97+I97+J97+K97 -> 1250 | M97: =N97/O97 -> #DIV/0! | N97: =O97-L97 -> -1250 | O97: =P97/$O$4 -> 0 | Q97: =P97/E97 -> 0 | Y97: =D97*$Y$3*S97 -> 0
A98: CLASSIE 3 + MINIE 3 | B98: ='HPP MALL'!B95 -> 54000 | C98: =B98*$C$4 -> 44280 | D98: =C98/$D$4 -> 39891.892 | E98: 1 | F98: =P98*$F$3 -> 6500 | G98: =P98*$G$3 -> 2925 | H98: =P98*$H$3 -> 5200 | I98: =P98*$I$3 -> 0 | J98: 1250 | K98: =D98*$K$3*E98 -> 2792.4324 | L98: =(D98*E98)+F98+G98+H98+I98+J98+K98 -> 58559.324 | M98: =N98/O98 -> -1.3076923e-05 | N98: =O98-L98 -> -0.76576577 | O98: =P98/$O$4 -> 58558.559 | P98: 65000 | Q98: =P98/E98 -> 65000 | Y98: =D98*$Y$3*S98 -> 0
A99: MINIE 3 + ORIE 3 | B99: ='HPP MALL'!B96 -> 25353 | C99: =B99*$C$4 -> 20789.46 | D99: =C99/$D$4 -> 18729.243 | E99: 1 | F99: =P99*$F$3 -> 3400 | G99: =P99*$G$3 -> 1530 | H99: =P99*$H$3 -> 2720 | I99: =P99*$I$3 -> 0 | J99: 1250 | K99: =D99*$K$3*E99 -> 1311.047 | L99: =(D99*E99)+F99+G99+H99+I99+J99+K99 -> 28940.29 | M99: =N99/O99 -> 0.055184641 | N99: =O99-L99 -> 1690.3404 | O99: =P99/$O$4 -> 30630.631 | P99: 34000 | Q99: =P99/E99 -> 34000 | Y99: =D99*$Y$3*S99 -> 0
A100: MINIE 3 + MAGNET 3 | B100: ='HPP MALL'!B97 -> 27600 | C100: =B100*$C$4 -> 22632 | D100: =C100/$D$4 -> 20389.189 | E100: 1 | F100: =P100*$F$3 -> 3600 | G100: =P100*$G$3 -> 1620 | H100: =P100*$H$3 -> 2880 | I100: =P100*$I$3 -> 0 | J100: 1250 | K100: =D100*$K$3*E100 -> 1427.2432 | L100: =(D100*E100)+F100+G100+H100+I100+J100+K100 -> 31166.432 | M100: =N100/O100 -> 0.039035 | N100: =O100-L100 -> 1266 | O100: =P100/$O$4 -> 32432.432 | P100: 36000 | Q100: =P100/E100 -> 36000 | Y100: =D100*$Y$3*S100 -> 0
...

Sheet HPP TOKPED
A1: Nama Produk MALL | B1: HARGA NASIONAL | C1: HARGA BELI (PCS) | D1: HARGA BELI (PCS) | E1: ECOM (PCS) | S1: ECOM (PCS/PACK) / BOX | AG1: ECOM CTN
E2: min (PCS) | F2: ADM MARKETPLACE (INC. PPN) | J2: Biaya | K2: BIAYA OPS | L2: HPP | M2: MARGIN ECOM | N2: PROFIT | O2: HARGA JUAL (PCS) | Q2: Harga Jual /pcs | S2: PACK (PCS) | T2: ADM MARKETPLACE (INC. PPN) | X2: Biaya | Y2: BIAYA OPS | Z2: HPP | AA2: MARGIN | AB2: PROFIT | AC2: HARGA JUAL (PACK) | AE2: HARGA JUAL SATUAN | AG2: (PCS) | AH2: ADM MARKETPLACE (INC. PPN) | AL2: Biaya | AM2: BIAYA OPS | AN2: HPP | AO2: MARGIN | AP2: PROFIT | AQ2: HARGA JUAL (PCS) | AS2: HARGA JUAL SATUAN) | AT2: CTN (PCS) | AU2: ADM MARKETPLACE (INC. PPN) | AV2: Biaya | AW2: BIAYA OPS | AX2: HPP | AY2: MARGIN CMS | AZ2: PROFIT | BA2: HARGA JUAL (PCS) | BC2: HARGA JUAL (BOX)
C3: (INC PPN) | D3: (EXC PPN) | F3: 0.122 | G3: 0.06 | H3: 0.018 | I3: 0.045 | J3: 1250 | K3: 0.05 | L3: (EXC PPN) | M3: 0.025 | O3: (EXC PPN) | P3: (INCL PPN) | T3: 0.122 | U3: 0.06 | V3: 0.018 | W3: 0.045 | Y3: 0.05 | Z3: (EXC PPN) | AC3: (EXC PPN) | AD3: (INC PPN) | AH3: 0.117 | AI3: 0.06 | AJ3: 0.045 | AK3: 0.018 | AM3: 0.05 | AN3: (EXC PPN) | AQ3: (EXC PPN) | AR3: (INC PPN) | AU3: 0.17 | AW3: 0.04 | AX3: (EXC PPN) | BA3: (EXC PPN) | BB3: (INC PPN)
A4: Per Pcs | C4: 0.9 | D4: 1.11 | O4: 1.11
A5: CROCKIE ORIGINAL | B5: 3200 | C5: =B5*$C$4 -> 2880 | D5: =C5/$D$4 -> 2594.5946 | E5: 3 | F5: =P5*$F$3 -> 1830 | G5: =P5*$G$3 -> 900 | H5: =P5*$H$3 -> 270 | I5: =P5*$I$3 -> 675 | J5: 1250 | K5: =D5*$K$3 -> 129.72973 | L5: =(D5*E5)+F5+G5+H5+I5+J5+K5 -> 12838.514 | M5: =N5/O5 -> 0.04995 | N5: =O5-L5 -> 675 | O5: =P5/$O$4 -> 13513.514 | P5: 15000 | Q5: =P5/E5 -> 5000 | S5: 50 | T5: =AD5*$T$3 -> 25620 | U5: =AD5*$U$3 -> 12600 | V5: =AD5*$V$3 -> 3780 | W5: =AD5*$W$3 -> 9450 | X5: 1250 | Y5: =D5*$Y$3*S5 -> 6486.4865 | Z5: =(D5*S5)+T5+U5+V5+W5+X5+Y5 -> 188916.22 | AA5: =AB5/AC5 -> 0.0014428571 | AB5: =AC5-Z5 -> 272.97297 | AC5: =AD5/$O$4 -> 189189.19 | AD5: 210000 | AE5: =AD5/S5 -> 4200 | AG5: 500 | AH5: =AR5*$AH$3 -> 0 | AI5: =AR5*$AI$3 -> 0 | AJ5: =AR5*$AJ$3 -> 0 | AK5: =AR5*$AK$3 -> 0 | AL5: 1250 | AM5: =AF5*$AM$3 -> 0 | AN5: =(R5*AG5)+AH5+AI5+AJ5+AK5+AL5+AM5 -> 1250 | AO5: =AP5/AQ5 -> #DIV/0! | AP5: =AQ5-AN5 -> -1250 | AQ5: =AR5/$O$4 -> 0 | AS5: =AR5/AG5 -> 0
A6: CROCKIE MAGNET SUPER | B6: 3500 | C6: =B6*$C$4 -> 3150 | D6: =C6/$D$4 -> 2837.8378 | E6: 3 | F6: =P6*$F$3 -> 1927.6 | G6: =P6*$G$3 -> 948 | H6: =P6*$H$3 -> 284.4 | I6: =P6*$I$3 -> 711 | J6: 1250 | K6: =D6*$K$3 -> 141.89189 | L6: =(D6*E6)+F6+G6+H6+I6+J6+K6 -> 13776.405 | M6: =N6/O6 -> 0.032163924 | N6: =O6-L6 -> 457.82883 | O6: =P6/$O$4 -> 14234.234 | P6: 15800 | Q6: =P6/E6 -> 5266.6667 | S6: 50 | T6: =AD6*$T$3 -> 27694 | U6: =AD6*$U$3 -> 13620 | V6: =AD6*$V$3 -> 4086 | W6: =AD6*$W$3 -> 10215 | X6: 1250 | Y6: =D6*$Y$3*S6 -> 7094.5946 | Z6: =(D6*S6)+T6+U6+V6+W6+X6+Y6 -> 205851.49 | AA6: =AB6/AC6 -> -0.0065865639 | AB6: =AC6-Z6 -> -1346.982 | AC6: =AD6/$O$4 -> 204504.5 | AD6: 227000 | AE6: =AD6/S6 -> 4540 | AG6: 500 | AH6: =AR6*$AH$3 -> 0 | AI6: =AR6*$AI$3 -> 0 | AJ6: =AR6*$AJ$3 -> 0 | AK6: =AR6*$AK$3 -> 0 | AL6: 1250 | AM6: =AF6*$AM$3 -> 0 | AN6: =(R6*AG6)+AH6+AI6+AJ6+AK6+AL6+AM6 -> 1250 | AO6: =AP6/AQ6 -> #DIV/0! | AP6: =AQ6-AN6 -> -1250 | AQ6: =AR6/$O$4 -> 0 | AS6: =AR6/AG6 -> 0
A7: CROCKIE BARA TURBO | B7: 3900 | C7: =B7*$C$4 -> 3510 | D7: =C7/$D$4 -> 3162.1622 | E7: 3 | F7: =P7*$F$3 -> 2074 | G7: =P7*$G$3 -> 1020 | H7: =P7*$H$3 -> 306 | I7: =P7*$I$3 -> 765 | J7: 1250 | K7: =D7*$K$3 -> 158.10811 | L7: =(D7*E7)+F7+G7+H7+I7+J7+K7 -> 15059.595 | M7: =N7/O7 -> 0.016697059 | N7: =O7-L7 -> 255.72072 | O7: =P7/$O$4 -> 15315.315 | P7: 17000 | Q7: =P7/E7 -> 5666.6667 | S7: 25 | T7: =AD7*$T$3 -> 16701.8 | U7: =AD7*$U$3 -> 8214 | V7: =AD7*$V$3 -> 2464.2 | W7: =AD7*$W$3 -> 6160.5 | X7: 1250 | Y7: =D7*$Y$3*S7 -> 3952.7027 | Z7: =(D7*S7)+T7+U7+V7+W7+X7+Y7 -> 117797.26 | AA7: =AB7/AC7 -> 0.044887107 | AB7: =AC7-Z7 -> 5536.0766 | AC7: =AD7/$O$4 -> 123333.33 | AD7: 136900 | AE7: =AD7/S7 -> 5476 | AG7: 500 | AH7: =AR7*$AH$3 -> 0 | AI7: =AR7*$AI$3 -> 0 | AJ7: =AR7*$AJ$3 -> 0 | AK7: =AR7*$AK$3 -> 0 | AL7: 1250 | AM7: =AF7*$AM$3 -> 0 | AN7: =(R7*AG7)+AH7+AI7+AJ7+AK7+AL7+AM7 -> 1250 | AO7: =AP7/AQ7 -> #DIV/0! | AP7: =AQ7-AN7 -> -1250 | AQ7: =AR7/$O$4 -> 0 | AS7: =AR7/AG7 -> 0
A8: CROCKIE SUPER JET | B8: 25000 | C8: =B8*$C$4 -> 22500 | D8: =C8/$D$4 -> 20270.27 | E8: 1 | F8: =P8*$F$3 -> 4392 | G8: =P8*$G$3 -> 2160 | H8: =P8*$H$3 -> 648 | I8: =P8*$I$3 -> 1620 | J8: 1250 | K8: =D8*$K$3 -> 1013.5135 | L8: =(D8*E8)+F8+G8+H8+I8+J8+K8 -> 31353.784 | M8: =N8/O8 -> 0.033258333 | N8: =O8-L8 -> 1078.6486 | O8: =P8/$O$4 -> 32432.432 | P8: 36000 | Q8: =P8/E8 -> 36000 | S8: 4 | T8: =AD8*$T$3 -> 16701.8 | U8: =AD8*$U$3 -> 8214 | V8: =AD8*$V$3 -> 2464.2 | W8: =AD8*$W$3 -> 6160.5 | X8: 1250 | Y8: =D8*$Y$3 -> 1013.5135 | Z8: =(D8*S8)+T8+U8+V8+W8+X8+Y8 -> 116885.09 | AA8: =AB8/AC8 -> 0.052283017 | AB8: =AC8-Z8 -> 6448.2387 | AC8: =AD8/$O$4 -> 123333.33 | AD8: 136900 | AE8: =AD8/S8 -> 34225 | AG8: 100 | AH8: =AR8*$AH$3 -> 0 | AI8: =AR8*$AI$3 -> 0 | AJ8: =AR8*$AJ$3 -> 0 | AK8: =AR8*$AK$3 -> 0 | AL8: 1250 | AM8: =AF8*$AM$3 -> 0 | AN8: =(R8*AG8)+AH8+AI8+AJ8+AK8+AL8+AM8 -> 1250 | AO8: =AP8/AQ8 -> #DIV/0! | AP8: =AQ8-AN8 -> -1250 | AQ8: =AR8/$O$4 -> 0 | AS8: =AR8/AG8 -> 0
A9: CROCKIE IDEA | B9: 9500 | C9: =B9*$C$4 -> 8550 | D9: =C9/$D$4 -> 7702.7027 | E9: 1 | F9: =P9*$F$3 -> 1817.8 | G9: =P9*$G$3 -> 894 | H9: =P9*$H$3 -> 268.2 | I9: =P9*$I$3 -> 670.5 | J9: 1250 | K9: =D9*$K$3 -> 385.13514 | L9: =(D9*E9)+F9+G9+H9+I9+J9+K9 -> 12988.338 | M9: =N9/O9 -> 0.032412416 | N9: =O9-L9 -> 435.08559 | O9: =P9/$O$4 -> 13423.423 | P9: 14900 | Q9: =P9/E9 -> 14900 | S9: 16 | T9: =AD9*$T$3 -> 23790 | U9: =AD9*$U$3 -> 11700 | V9: =AD9*$V$3 -> 3510 | W9: =AD9*$W$3 -> 8775 | X9: 1250 | Y9: =D9*$Y$3 -> 385.13514 | Z9: =(D9*S9)+T9+U9+V9+W9+X9+Y9 -> 172653.38 | AA9: =AB9/AC9 -> 0.017203846 | AB9: =AC9-Z9 -> 3022.2973 | AC9: =AD9/$O$4 -> 175675.68 | AD9: 195000 | AE9: =AD9/S9 -> 12187.5 | AH9: =AR9*$AH$3 -> 0 | AI9: =AR9*$AI$3 -> 0 | AJ9: =AR9*$AJ$3 -> 0 | AK9: =AR9*$AK$3 -> 0 | AL9: 1250 | AM9: =AF9*$AM$3 -> 0 | AN9: =(R9*AG9)+AH9+AI9+AJ9+AK9+AL9+AM9 -> 1250 | AO9: =AP9/AQ9 -> #DIV/0! | AP9: =AQ9-AN9 -> -1250 | AQ9: =AR9/$O$4 -> 0 | AS9: =AR9/AG9 -> #DIV/0!
A10: CROCKIE FLEXIE | B10: 15000 | C10: =B10*$C$4 -> 13500 | D10: =C10/$D$4 -> 12162.162 | E10: 1 | F10: =P10*$F$3 -> 2684 | G10: =P10*$G$3 -> 1320 | H10: =P10*$H$3 -> 396 | I10: =P10*$I$3 -> 990 | J10: 1250 | K10: =D10*$K$3 -> 608.10811 | L10: =(D10*E10)+F10+G10+H10+I10+J10+K10 -> 19410.27 | M10: =N10/O10 -> 0.020663636 | N10: =O10-L10 -> 409.54955 | O10: =P10/$O$4 -> 19819.82 | P10: 22000 | Q10: =P10/E10 -> 22000 | S10: 4 | T10: =AD10*$T$3 -> 9760 | U10: =AD10*$U$3 -> 4800 | V10: =AD10*$V$3 -> 1440 | W10: =AD10*$W$3 -> 3600 | X10: 1250 | Y10: =D10*$Y$3 -> 608.10811 | Z10: =(D10*S10)+T10+U10+V10+W10+X10+Y10 -> 70106.757 | AA10: =AB10/AC10 -> 0.02726875 | AB10: =AC10-Z10 -> 1965.3153 | AC10: =AD10/$O$4 -> 72072.072 | AD10: 80000 | AE10: =AD10/S10 -> 20000 | AH10: =AR10*$AH$3 -> 0 | AI10: =AR10*$AI$3 -> 0 | AJ10: =AR10*$AJ$3 -> 0 | AK10: =AR10*$AK$3 -> 0 | AL10: 1250 | AM10: =AF10*$AM$3 -> 0 | AN10: =(R10*AG10)+AH10+AI10+AJ10+AK10+AL10+AM10 -> 1250 | AO10: =AP10/AQ10 -> #DIV/0! | AP10: =AQ10-AN10 -> -1250 | AQ10: =AR10/$O$4 -> 0 | AS10: =AR10/AG10 -> #DIV/0!
A11: CROCKIE FLEXIE WINDPROOF | B11: 18000 | C11: =B11*$C$4 -> 16200 | D11: =C11/$D$4 -> 14594.595 | E11: 1 | F11: =P11*$F$3 -> 3184.2 | G11: =P11*$G$3 -> 1566 | H11: =P11*$H$3 -> 469.8 | I11: =P11*$I$3 -> 1174.5 | J11: 1250 | K11: =D11*$K$3 -> 729.72973 | L11: =(D11*E11)+F11+G11+H11+I11+J11+K11 -> 22968.824 | M11: =N11/O11 -> 0.023164943 | N11: =O11-L11 -> 544.68919 | O11: =P11/$O$4 -> 23513.514 | P11: 26100 | Q11: =P11/E11 -> 26100 | T11: =AD11*$T$3 -> 0 | U11: =AD11*$U$3 -> 0 | V11: =AD11*$V$3 -> 0 | W11: =AD11*$W$3 -> 0 | X11: 1250 | Y11: =D11*$Y$3 -> 729.72973 | Z11: =(D11*S11)+T11+U11+V11+W11+X11+Y11 -> 1979.7297 | AA11: =AB11/AC11 -> #DIV/0! | AB11: =AC11-Z11 -> -1979.7297 | AC11: =AD11/$O$4 -> 0 | AE11: =AD11/S11 -> #DIV/0! | AH11: =AR11*$AH$3 -> 0 | AI11: =AR11*$AI$3 -> 0 | AJ11: =AR11*$AJ$3 -> 0 | AK11: =AR11*$AK$3 -> 0 | AL11: 1250 | AM11: =AF11*$AM$3 -> 0 | AN11: =(R11*AG11)+AH11+AI11+AJ11+AK11+AL11+AM11 -> 1250 | AO11: =AP11/AQ11 -> #DIV/0! | AP11: =AQ11-AN11 -> -1250 | AQ11: =AR11/$O$4 -> 0 | AS11: =AR11/AG11 -> #DIV/0!
A12: CROCKIE POWER JET | B12: 73000 | C12: =B12*$C$4 -> 65700 | D12: =C12/$D$4 -> 59189.189 | E12: 1 | F12: =P12*$F$3 -> 12566 | G12: =P12*$G$3 -> 6180 | H12: =P12*$H$3 -> 1854 | I12: =P12*$I$3 -> 4635 | J12: 1250 | K12: =D12*$K$3 -> 2959.4595 | L12: =(D12*E12)+F12+G12+H12+I12+J12+K12 -> 88633.649 | M12: =N12/O12 -> 0.044821845 | N12: =O12-L12 -> 4159.1441 | O12: =P12/$O$4 -> 92792.793 | P12: 103000 | Q12: =P12/E12 -> 103000 | T12: =AD12*$T$3 -> 0 | U12: =AD12*$U$3 -> 0 | V12: =AD12*$V$3 -> 0 | W12: =AD12*$W$3 -> 0 | X12: 1250 | Y12: =D12*$Y$3 -> 2959.4595 | Z12: =(D12*S12)+T12+U12+V12+W12+X12+Y12 -> 4209.4595 | AA12: =AB12/AC12 -> #DIV/0! | AB12: =AC12-Z12 -> -4209.4595 | AC12: =AD12/$O$4 -> 0 | AE12: =AD12/S12 -> #DIV/0! | AH12: =AR12*$AH$3 -> 0 | AI12: =AR12*$AI$3 -> 0 | AJ12: =AR12*$AJ$3 -> 0 | AK12: =AR12*$AK$3 -> 0 | AL12: 1250 | AM12: =AF12*$AM$3 -> 0 | AN12: =(R12*AG12)+AH12+AI12+AJ12+AK12+AL12+AM12 -> 1250 | AO12: =AP12/AQ12 -> #DIV/0! | AP12: =AQ12-AN12 -> -1250 | AQ12: =AR12/$O$4 -> 0 | AS12: =AR12/AG12 -> #DIV/0!
A13: CROCKIE GAS BUTANE | B13: 5700 | C13: =B13*$C$4 -> 5130 | D13: =C13/$D$4 -> 4621.6216 | E13: 1 | F13: =P13*$F$3 -> 1281 | G13: =P13*$G$3 -> 630 | H13: =P13*$H$3 -> 189 | I13: =P13*$I$3 -> 472.5 | J13: 1250 | K13: =D13*$K$3 -> 231.08108 | L13: =(D13*E13)+F13+G13+H13+I13+J13+K13 -> 8675.2027 | M13: =N13/O13 -> 0.082907143 | N13: =O13-L13 -> 784.25676 | O13: =P13/$O$4 -> 9459.4595 | P13: 10500 | Q13: =P13/E13 -> 10500 | S13: 25 | T13: =AD13*$T$3 -> 23119 | U13: =AD13*$U$3 -> 11370 | V13: =AD13*$V$3 -> 3411 | W13: =AD13*$W$3 -> 8527.5 | X13: 1250 | Y13: =D13*$Y$3 -> 231.08108 | Z13: =(D13*S13)+T13+U13+V13+W13+X13+Y13 -> 163449.12 | AA13: =AB13/AC13 -> 0.042593536 | AB13: =AC13-Z13 -> 7271.5991 | AC13: =AD13/$O$4 -> 170720.72 | AD13: 189500 | AE13: =AD13/S13 -> 7580 | AG13: 300 | AH13: =AR13*$AH$3 -> 0 | AI13: =AR13*$AI$3 -> 0 | AJ13: =AR13*$AJ$3 -> 0 | AK13: =AR13*$AK$3 -> 0 | AL13: 1250 | AM13: =AF13*$AM$3 -> 0 | AN13: =(R13*AG13)+AH13+AI13+AJ13+AK13+AL13+AM13 -> 1250 | AO13: =AP13/AQ13 -> #DIV/0! | AP13: =AQ13-AN13 -> -1250 | AQ13: =AR13/$O$4 -> 0 | AS13: =AR13/AG13 -> 0
A14: CROCKIE MAGNET SUPER PLAIN WHITE | B14: 3500 | C14: =B14*$C$4 -> 3150 | D14: =C14/$D$4 -> 2837.8378 | E14: 5 | F14: =P14*$F$3 -> 3050 | G14: =P14*$G$3 -> 1500 | H14: =P14*$H$3 -> 450 | I14: =P14*$I$3 -> 1125 | J14: 1250 | K14: =D14*$K$3 -> 141.89189 | L14: =(D14*E14)+F14+G14+H14+I14+J14+K14 -> 21706.081 | M14: =N14/O14 -> 0.03625 | N14: =O14-L14 -> 816.44144 | O14: =P14/$O$4 -> 22522.523 | P14: 25000 | Q14: =P14/E14 -> 5000 | T14: =AD14*$T$3 -> 0 | U14: =AD14*$U$3 -> 0 | V14: =AD14*$V$3 -> 0 | W14: =AD14*$W$3 -> 0 | X14: 1250 | Y14: =D14*$Y$3 -> 141.89189 | Z14: =(D14*S14)+T14+U14+V14+W14+X14+Y14 -> 1391.8919 | AA14: =AB14/AC14 -> #DIV/0! | AB14: =AC14-Z14 -> -1391.8919 | AC14: =AD14/$O$4 -> 0 | AE14: =AD14/S14 -> #DIV/0! | AG14: 500 | AH14: =AR14*$AH$3 -> 0 | AI14: =AR14*$AI$3 -> 0 | AJ14: =AR14*$AJ$3 -> 0 | AK14: =AR14*$AK$3 -> 0 | AL14: 1250 | AM14: =AF14*$AM$3 -> 0 | AN14: =(R14*AG14)+AH14+AI14+AJ14+AK14+AL14+AM14 -> 1250 | AO14: =AP14/AQ14 -> #DIV/0! | AP14: =AQ14-AN14 -> -1250 | AQ14: =AR14/$O$4 -> 0 | AS14: =AR14/AG14 -> 0
A15: CROCKIE MAGNET SUPER PLAIN BLACK | B15: 3500 | C15: =B15*$C$4 -> 3150 | D15: =C15/$D$4 -> 2837.8378 | E15: 3 | F15: =P15*$F$3 -> 1939.8 | G15: =P15*$G$3 -> 954 | H15: =P15*$H$3 -> 286.2 | I15: =P15*$I$3 -> 715.5 | J15: 1250 | K15: =D15*$K$3 -> 141.89189 | L15: =(D15*E15)+F15+G15+H15+I15+J15+K15 -> 13800.905 | M15: =N15/O15 -> 0.036540566 | N15: =O15-L15 -> 523.41892 | O15: =P15/$O$4 -> 14324.324 | P15: 15900 | Q15: =P15/E15 -> 5300 | T15: =AD15*$T$3 -> 0 | U15: =AD15*$U$3 -> 0 | V15: =AD15*$V$3 -> 0 | W15: =AD15*$W$3 -> 0 | X15: 1250 | Y15: =D15*$Y$3 -> 141.89189 | Z15: =(D15*S15)+T15+U15+V15+W15+X15+Y15 -> 1391.8919 | AA15: =AB15/AC15 -> #DIV/0! | AB15: =AC15-Z15 -> -1391.8919 | AC15: =AD15/$O$4 -> 0 | AE15: =AD15/S15 -> #DIV/0! | AG15: 500 | AH15: =AR15*$AH$3 -> 0 | AI15: =AR15*$AI$3 -> 0 | AJ15: =AR15*$AJ$3 -> 0 | AK15: =AR15*$AK$3 -> 0 | AL15: 1250 | AM15: =AF15*$AM$3 -> 0 | AN15: =(R15*AG15)+AH15+AI15+AJ15+AK15+AL15+AM15 -> 1250 | AO15: =AP15/AQ15 -> #DIV/0! | AP15: =AQ15-AN15 -> -1250 | AQ15: =AR15/$O$4 -> 0 | AS15: =AR15/AG15 -> 0
A16: CROCKIE MAGNET CUSTOM PRINT UV | B16: =B15+2000 -> 5500 | C16: =B16*$C$4 -> 4950 | D16: =C16/$D$4 -> 4459.4595 | E16: 1 | F16: =P16*$F$3 -> 1281 | G16: =P16*$G$3 -> 630 | H16: =P16*$H$3 -> 189 | I16: =P16*$I$3 -> 472.5 | J16: 1250 | K16: =D16*$K$3 -> 222.97297 | L16: =(D16*E16)+F16+G16+H16+I16+J16+K16 -> 8504.9324 | M16: =N16/O16 -> 0.10090714 | N16: =O16-L16 -> 954.52703 | O16: =P16/$O$4 -> 9459.4595 | P16: 10500 | Q16: =P16/E16 -> 10500 | S16: 50 | T16: =AD16*$T$3 -> 0 | U16: =AD16*$U$3 -> 0 | V16: =AD16*$V$3 -> 0 | W16: =AD16*$W$3 -> 0 | X16: 1250 | Y16: =D16*$Y$3 -> 222.97297 | Z16: =(D16*S16)+T16+U16+V16+W16+X16+Y16 -> 224445.95 | AA16: =AB16/AC16 -> #DIV/0! | AB16: =AC16-Z16 -> -224445.95 | AC16: =AD16/$O$4 -> 0 | AE16: =AD16/S16 -> 0 | AG16: 500 | AH16: =AR16*$AH$3 -> 0 | AI16: =AR16*$AI$3 -> 0 | AJ16: =AR16*$AJ$3 -> 0 | AK16: =AR16*$AK$3 -> 0 | AL16: 1250 | AM16: =AF16*$AM$3 -> 0 | AN16: =(R16*AG16)+AH16+AI16+AJ16+AK16+AL16+AM16 -> 1250 | AO16: =AP16/AQ16 -> #DIV/0! | AP16: =AQ16-AN16 -> -1250 | AQ16: =AR16/$O$4 -> 0 | AS16: =AR16/AG16 -> 0
A17: CROCKIE SERI FLAG | B17: =B5+500 -> 3700 | C17: =B17*$C$4 -> 3330 | D17: =C17/$D$4 -> 3000 | E17: 5 | F17: =P17*$F$3 -> 3294 | G17: =P17*$G$3 -> 1620 | H17: =P17*$H$3 -> 486 | I17: =P17*$I$3 -> 1215 | J17: 1250 | K17: =D17*$K$3 -> 150 | L17: =(D17*E17)+F17+G17+H17+I17+J17+K17 -> 23015 | M17: =N17/O17 -> 0.053827778 | N17: =O17-L17 -> 1309.3243 | O17: =P17/$O$4 -> 24324.324 | P17: 27000 | Q17: =P17/E17 -> 5400 | S17: 50 | T17: =AD17*$T$3 -> 30378 | U17: =AD17*$U$3 -> 14940 | V17: =AD17*$V$3 -> 4482 | W17: =AD17*$W$3 -> 11205 | X17: 1250 | Y17: =D17*$Y$3 -> 150 | Z17: =(D17*S17)+T17+U17+V17+W17+X17+Y17 -> 212405 | AA17: =AB17/AC17 -> 0.053134337 | AB17: =AC17-Z17 -> 11919.324 | AC17: =AD17/$O$4 -> 224324.32 | AD17: 249000 | AE17: =AD17/S17 -> 4980 | AG17: 500 | AH17: =AR17*$AH$3 -> 0 | AI17: =AR17*$AI$3 -> 0 | AJ17: =AR17*$AJ$3 -> 0 | AK17: =AR17*$AK$3 -> 0 | AL17: 1250 | AM17: =AF17*$AM$3 -> 0 | AN17: =(R17*AG17)+AH17+AI17+AJ17+AK17+AL17+AM17 -> 1250 | AO17: =AP17/AQ17 -> #DIV/0! | AP17: =AQ17-AN17 -> -1250 | AQ17: =AR17/$O$4 -> 0 | AS17: =AR17/AG17 -> 0
A18: CROCKIE SERIES | B18: =B5+1000 -> 4200 | C18: =B18*$C$4 -> 3780 | D18: =C18/$D$4 -> 3405.4054 | E18: 5 | F18: =P18*$F$3 -> 5246 | G18: =P18*$G$3 -> 2580 | H18: =P18*$H$3 -> 774 | I18: =P18*$I$3 -> 1935 | J18: 1250 | K18: =D18*$K$3 -> 170.27027 | L18: =(D18*E18)+F18+G18+H18+I18+J18+K18 -> 28982.297 | M18: =N18/O18 -> 0.25185233 | N18: =O18-L18 -> 9756.4414 | O18: =P18/$O$4 -> 38738.739 | P18: 43000 | Q18: =P18/E18 -> 8600 | S18: 50 | T18: =AD18*$T$3 -> 34038 | U18: =AD18*$U$3 -> 16740 | V18: =AD18*$V$3 -> 5022 | W18: =AD18*$W$3 -> 12555 | X18: 1250 | Y18: =D18*$Y$3 -> 170.27027 | Z18: =(D18*S18)+T18+U18+V18+W18+X18+Y18 -> 240045.54 | AA18: =AB18/AC18 -> 0.044980108 | AB18: =AC18-Z18 -> 11305.811 | AC18: =AD18/$O$4 -> 251351.35 | AD18: 279000 | AE18: =AD18/S18 -> 5580 | AG18: 500 | AH18: =AR18*$AH$3 -> 0 | AI18: =AR18*$AI$3 -> 0 | AJ18: =AR18*$AJ$3 -> 0 | AK18: =AR18*$AK$3 -> 0 | AL18: 1250 | AM18: =AF18*$AM$3 -> 0 | AN18: =(R18*AG18)+AH18+AI18+AJ18+AK18+AL18+AM18 -> 1250 | AO18: =AP18/AQ18 -> #DIV/0! | AP18: =AQ18-AN18 -> -1250 | AQ18: =AR18/$O$4 -> 0 | AS18: =AR18/AG18 -> 0
A19: CROCKIE JETFLIP | B19: 35000 | C19: =B19*$C$4 -> 31500 | D19: =C19/$D$4 -> 28378.378 | E19: 1 | F19: =P19*$F$3 -> 6588 | G19: =P19*$G$3 -> 3240 | H19: =P19*$H$3 -> 972 | I19: =P19*$I$3 -> 2430 | J19: 1250 | K19: =D19*$K$3 -> 1418.9189 | L19: =(D19*E19)+F19+G19+H19+I19+J19+K19 -> 44277.297 | M19: =N19/O19 -> 0.089855556 | N19: =O19-L19 -> 4371.3514 | O19: =P19/$O$4 -> 48648.649 | P19: 54000 | Q19: =P19/E19 -> 54000 | T19: =AD19*$T$3 -> 0 | U19: =AD19*$U$3 -> 0 | V19: =AD19*$V$3 -> 0 | W19: =AD19*$W$3 -> 0 | X19: 1250 | Y19: =D19*$Y$3 -> 1418.9189 | Z19: =(D19*S19)+T19+U19+V19+W19+X19+Y19 -> 2668.9189 | AA19: =AB19/AC19 -> #DIV/0! | AB19: =AC19-Z19 -> -2668.9189 | AC19: =AD19/$O$4 -> 0 | AE19: =AD19/S19 -> #DIV/0! | AH19: =AR19*$AH$3 -> 0 | AI19: =AR19*$AI$3 -> 0 | AJ19: =AR19*$AJ$3 -> 0 | AK19: =AR19*$AK$3 -> 0 | AL19: 1250 | AM19: =AF19*$AM$3 -> 0 | AN19: =(R19*AG19)+AH19+AI19+AJ19+AK19+AL19+AM19 -> 1250 | AO19: =AP19/AQ19 -> #DIV/0! | AP19: =AQ19-AN19 -> -1250 | AQ19: =AR19/$O$4 -> 0 | AS19: =AR19/AG19 -> #DIV/0!
A20: PAKET BUNDLING CROCKIE | AH20: - | AM20: - | AN20: - | AO20: #DIV/0! | AP20: - | AQ20: - | AU20: - | AW20: - | AX20: - | AY20: #DIV/0! | AZ20: - | BA20: -
A21: C. BARA T. 5PCS + GAS B. 1PCS | B21: =B7*5+B13 -> 25200 | C21: =B21*$C$4 -> 22680 | D21: =C21/$D$4 -> 20432.432 | E21: 1 | F21: =P21*$F$3 -> 4514 | G21: =P21*$G$3 -> 2220 | H21: =P21*$H$3 -> 666 | I21: =P21*$I$3 -> 1665 | J21: 1250 | K21: =D21*$K$3 -> 1021.6216 | L21: =(D21*E21)+F21+G21+H21+I21+J21+K21 -> 31769.054 | M21: =N21/O21 -> 0.046928378 | N21: =O21-L21 -> 1564.2793 | O21: =P21/$O$4 -> 33333.333 | P21: 37000 | Q21: =P21/E21 -> 37000 | T21: =AD21*$T$3 -> 0 | U21: =AD21*$U$3 -> 0 | V21: =AD21*$V$3 -> 0 | W21: =AD21*$W$3 -> 0 | X21: 1250 | Y21: 1250 | Z21: 1250 | AA21: =AB21/AC21 -> #DIV/0! | AB21: =AC21-Z21 -> -1250 | AC21: =AD21/$O$4 -> 0 | AE21: =AD21/S21 -> #DIV/0! | AH21: =AR21*$AH$3 -> 0 | AI21: =AR21*$AI$3 -> 0 | AJ21: =AR21*$AJ$3 -> 0 | AK21: =AR21*$AK$3 -> 0 | AL21: 1250 | AM21: =AF21*$AM$3 -> 0 | AN21: =(R21*AG21)+AH21+AI21+AJ21+AK21+AL21+AM21 -> 1250 | AO21: =AP21/AQ21 -> #DIV/0! | AP21: =AQ21-AN21 -> -1250 | AQ21: =AR21/$O$4 -> 0 | AS21: =AR21/AG21 -> #DIV/0!
A22: C. BARA T. 5PCS + GAS B. 2PCS | B22: =B7*5+B13*2 -> 30900 | C22: =B22*$C$4 -> 27810 | D22: =C22/$D$4 -> 25054.054 | E22: 1 | F22: =P22*$F$3 -> 4062.6 | G22: =P22*$G$3 -> 1998 | H22: =P22*$H$3 -> 599.4 | I22: =P22*$I$3 -> 1498.5 | J22: 1250 | K22: =D22*$K$3 -> 1252.7027 | L22: =(D22*E22)+F22+G22+H22+I22+J22+K22 -> 35715.257 | M22: =N22/O22 -> -0.19050856 | N22: =O22-L22 -> -5715.2568 | O22: =P22/$O$4 -> 30000 | P22: 33300 | Q22: =P22/E22 -> 33300 | T22: =AD22*$T$3 -> 0 | U22: =AD22*$U$3 -> 0 | V22: =AD22*$V$3 -> 0 | W22: =AD22*$W$3 -> 0 | X22: 1250 | Y22: 1250 | Z22: 1250 | AA22: =AB22/AC22 -> #DIV/0! | AB22: =AC22-Z22 -> -1250 | AC22: =AD22/$O$4 -> 0 | AE22: =AD22/S22 -> #DIV/0! | AH22: =AR22*$AH$3 -> 0 | AI22: =AR22*$AI$3 -> 0 | AJ22: =AR22*$AJ$3 -> 0 | AK22: =AR22*$AK$3 -> 0 | AL22: 1250 | AM22: =AF22*$AM$3 -> 0 | AN22: =(R22*AG22)+AH22+AI22+AJ22+AK22+AL22+AM22 -> 1250 | AO22: =AP22/AQ22 -> #DIV/0! | AP22: =AQ22-AN22 -> -1250 | AQ22: =AR22/$O$4 -> 0 | AS22: =AR22/AG22 -> #DIV/0!
A23: C. SUPERJET 1PCS + GAS B. 1PCS | B23: =B8+B13 -> 30700 | C23: =B23*$C$4 -> 27630 | D23: =C23/$D$4 -> 24891.892 | E23: 1 | F23: =P23*$F$3 -> 5429 | G23: =P23*$G$3 -> 2670 | H23: =P23*$H$3 -> 801 | I23: =P23*$I$3 -> 2002.5 | J23: 1250 | K23: =D23*$K$3 -> 1244.5946 | L23: =(D23*E23)+F23+G23+H23+I23+J23+K23 -> 38288.986 | M23: =N23/O23 -> 0.044926404 | N23: =O23-L23 -> 1801.1036 | O23: =P23/$O$4 -> 40090.09 | P23: 44500 | Q23: =P23/E23 -> 44500 | T23: =AD23*$T$3 -> 0 | U23: =AD23*$U$3 -> 0 | V23: =AD23*$V$3 -> 0 | W23: =AD23*$W$3 -> 0 | X23: 1250 | Y23: 1250 | Z23: 1250 | AA23: =AB23/AC23 -> #DIV/0! | AB23: =AC23-Z23 -> -1250 | AC23: =AD23/$O$4 -> 0 | AE23: =AD23/S23 -> #DIV/0! | AH23: =AR23*$AH$3 -> 0 | AI23: =AR23*$AI$3 -> 0 | AJ23: =AR23*$AJ$3 -> 0 | AK23: =AR23*$AK$3 -> 0 | AL23: 1250 | AM23: =AF23*$AM$3 -> 0 | AN23: =(R23*AG23)+AH23+AI23+AJ23+AK23+AL23+AM23 -> 1250 | AO23: =AP23/AQ23 -> #DIV/0! | AP23: =AQ23-AN23 -> -1250 | AQ23: =AR23/$O$4 -> 0 | AS23: =AR23/AG23 -> #DIV/0!
A24: C. SUPERJET 2PCS + GAS B. 2PCS | B24: =B8*2+B13*2 -> 61400 | C24: =B24*$C$4 -> 55260 | D24: =C24/$D$4 -> 49783.784 | E24: 1 | F24: =P24*$F$3 -> 0 | G24: =P24*$G$3 -> 0 | H24: =P24*$H$3 -> 0 | I24: =P24*$I$3 -> 0 | J24: 1250 | K24: =D24*$K$3 -> 2489.1892 | L24: =(D24*E24)+F24+G24+H24+I24+J24+K24 -> 53522.973 | M24: =N24/O24 -> #DIV/0! | N24: =O24-L24 -> -53522.973 | O24: =P24/$O$4 -> 0 | Q24: =P24/E24 -> 0
A25: C. SUPERJET 4PCS + GAS B. 1PCS | B25: =B8*4+B13 -> 105700 | C25: =B25*$C$4 -> 95130 | D25: =C25/$D$4 -> 85702.703 | E25: 1 | F25: =P25*$F$3 -> 15860 | G25: =P25*$G$3 -> 7800 | H25: =P25*$H$3 -> 2340 | I25: =P25*$I$3 -> 5850 | J25: 1250 | K25: =D25*$K$3 -> 4285.1351 | L25: =(D25*E25)+F25+G25+H25+I25+J25+K25 -> 123087.84 | M25: =N25/O25 -> -0.050980769 | N25: =O25-L25 -> -5970.7207 | O25: =P25/$O$4 -> 117117.12 | P25: 130000 | Q25: =P25/E25 -> 130000
A26: C. SUPERJET 4PCS + GAS B. 2PCS | B26: =B8*4+B13*2 -> 111400 | C26: =B26*$C$4 -> 100260 | D26: =C26/$D$4 -> 90324.324 | E26: 1 | F26: =P26*$F$3 -> 0 | G26: =P26*$G$3 -> 0 | H26: =P26*$H$3 -> 0 | I26: =P26*$I$3 -> 0 | J26: 1250 | K26: =D26*$K$3 -> 4516.2162 | L26: =(D26*E26)+F26+G26+H26+I26+J26+K26 -> 96090.541 | M26: =N26/O26 -> #DIV/0! | N26: =O26-L26 -> -96090.541 | O26: =P26/$O$4 -> 0 | Q26: =P26/E26 -> 0
A28: POWERJET 1PCS + GAS B. 1PCS | B28: =B12+B13 -> 78700 | C28: =B28*$C$4 -> 70830 | D28: =C28/$D$4 -> 63810.811 | E28: 1 | F28: =P28*$F$3 -> 13298 | G28: =P28*$G$3 -> 6540 | H28: =P28*$H$3 -> 1962 | I28: =P28*$I$3 -> 4905 | J28: 1250 | K28: =D28*$K$3 -> 3190.5405 | L28: =(D28*E28)+F28+G28+H28+I28+J28+K28 -> 94956.351 | M28: =N28/O28 -> 0.033013303 | N28: =O28-L28 -> 3241.8468 | O28: =P28/$O$4 -> 98198.198 | P28: 109000 | Q28: =P28/E28 -> 109000 | T28: =AD28*$T$3 -> 0 | U28: =AD28*$U$3 -> 0 | V28: =AD28*$V$3 -> 0 | W28: =AD28*$W$3 -> 0 | X28: 1250 | Y28: 1250 | Z28: 1250 | AA28: =AB28/AC28 -> #DIV/0! | AB28: =AC28-Z28 -> -1250 | AC28: =AD28/$O$4 -> 0 | AE28: =AD28/S28 -> #DIV/0! | AH28: =AR28*$AH$3 -> 0 | AI28: =AR28*$AI$3 -> 0 | AJ28: =AR28*$AJ$3 -> 0 | AK28: =AR28*$AK$3 -> 0 | AL28: 1250 | AM28: =AF28*$AM$3 -> 0 | AN28: =(R28*AG28)+AH28+AI28+AJ28+AK28+AL28+AM28 -> 1250 | AO28: =AP28/AQ28 -> #DIV/0! | AP28: =AQ28-AN28 -> -1250 | AQ28: =AR28/$O$4 -> 0 | AS28: =AR28/AG28 -> #DIV/0!
A29: POWERJET 2PCS + GAS B. 2PCS | B29: =B12*2+B13*2 -> 157400 | C29: =B29*$C$4 -> 141660 | D29: =C29/$D$4 -> 127621.62 | E29: 1 | F29: =P29*$F$3 -> 26827.8 | G29: =P29*$G$3 -> 13194 | H29: =P29*$H$3 -> 3958.2 | I29: =P29*$I$3 -> 9895.5 | J29: 1250 | K29: =D29*$K$3 -> 6381.0811 | L29: =(D29*E29)+F29+G29+H29+I29+J29+K29 -> 189128.2 | M29: =N29/O29 -> 0.045328308 | N29: =O29-L29 -> 8979.9054 | O29: =P29/$O$4 -> 198108.11 | P29: 219900 | Q29: =P29/E29 -> 219900 | T29: =AD29*$T$3 -> 0 | U29: =AD29*$U$3 -> 0 | V29: =AD29*$V$3 -> 0 | W29: =AD29*$W$3 -> 0 | X29: 1250 | Y29: 1250 | Z29: 1250 | AA29: =AB29/AC29 -> #DIV/0! | AB29: =AC29-Z29 -> -1250 | AC29: =AD29/$O$4 -> 0 | AE29: =AD29/S29 -> #DIV/0! | AH29: =AR29*$AH$3 -> 0 | AI29: =AR29*$AI$3 -> 0 | AJ29: =AR29*$AJ$3 -> 0 | AK29: =AR29*$AK$3 -> 0 | AL29: 1250 | AM29: =AF29*$AM$3 -> 0 | AN29: =(R29*AG29)+AH29+AI29+AJ29+AK29+AL29+AM29 -> 1250 | AO29: =AP29/AQ29 -> #DIV/0! | AP29: =AQ29-AN29 -> -1250 | AQ29: =AR29/$O$4 -> 0 | AS29: =AR29/AG29 -> #DIV/0!
A30: IDEA 1PCS + GAS B 1PCS | B30: =B9+B13 -> 15200 | C30: =B30*$C$4 -> 13680 | D30: =C30/$D$4 -> 12324.324 | E30: 1 | F30: =P30*$F$3 -> 2745 | G30: =P30*$G$3 -> 1350 | H30: =P30*$H$3 -> 405 | I30: =P30*$I$3 -> 1012.5 | J30: 1250 | K30: =D30*$K$3 -> 616.21622 | L30: =(D30*E30)+F30+G30+H30+I30+J30+K30 -> 19703.041 | M30: =N30/O30 -> 0.027983333 | N30: =O30-L30 -> 567.22973 | O30: =P30/$O$4 -> 20270.27 | P30: 22500 | Q30: =P30/E30 -> 22500 | T30: =AD30*$T$3 -> 0 | U30: =AD30*$U$3 -> 0 | V30: =AD30*$V$3 -> 0 | W30: =AD30*$W$3 -> 0 | X30: 1250 | Y30: 1250 | Z30: 1250 | AA30: =AB30/AC30 -> #DIV/0! | AB30: =AC30-Z30 -> -1250 | AC30: =AD30/$O$4 -> 0 | AE30: =AD30/S30 -> #DIV/0! | AH30: =AR30*$AH$3 -> 0 | AI30: =AR30*$AI$3 -> 0 | AJ30: =AR30*$AJ$3 -> 0 | AK30: =AR30*$AK$3 -> 0 | AL30: 1250 | AM30: =AF30*$AM$3 -> 0 | AN30: =(R30*AG30)+AH30+AI30+AJ30+AK30+AL30+AM30 -> 1250 | AO30: =AP30/AQ30 -> #DIV/0! | AP30: =AQ30-AN30 -> -1250 | AQ30: =AR30/$O$4 -> 0 | AS30: =AR30/AG30 -> #DIV/0!
A31: IDEA 2PCS + GAS 2PCS | B31: =B9*2+B13*2 -> 30400 | C31: =B31*$C$4 -> 27360 | D31: =C31/$D$4 -> 24648.649 | E31: 1 | F31: =P31*$F$3 -> 5368 | G31: =P31*$G$3 -> 2640 | H31: =P31*$H$3 -> 792 | I31: =P31*$I$3 -> 1980 | J31: 1250 | K31: =D31*$K$3 -> 1232.4324 | L31: =(D31*E31)+F31+G31+H31+I31+J31+K31 -> 37911.081 | M31: =N31/O31 -> 0.043606818 | N31: =O31-L31 -> 1728.5586 | O31: =P31/$O$4 -> 39639.64 | P31: 44000 | Q31: =P31/E31 -> 44000 | T31: =AD31*$T$3 -> 0 | U31: =AD31*$U$3 -> 0 | V31: =AD31*$V$3 -> 0 | W31: =AD31*$W$3 -> 0 | X31: 1250 | Y31: 1250 | Z31: 1250 | AA31: =AB31/AC31 -> #DIV/0! | AB31: =AC31-Z31 -> -1250 | AC31: =AD31/$O$4 -> 0 | AE31: =AD31/S31 -> #DIV/0! | AH31: =AR31*$AH$3 -> 0 | AI31: =AR31*$AI$3 -> 0 | AJ31: =AR31*$AJ$3 -> 0 | AK31: =AR31*$AK$3 -> 0 | AL31: 1250 | AM31: =AF31*$AM$3 -> 0 | AN31: =(R31*AG31)+AH31+AI31+AJ31+AK31+AL31+AM31 -> 1250 | AO31: =AP31/AQ31 -> #DIV/0! | AP31: =AQ31-AN31 -> -1250 | AQ31: =AR31/$O$4 -> 0 | AS31: =AR31/AG31 -> #DIV/0!
A32: C. FLEXIE 1PCS + GAS B. 1PCS
A33: C. FLEXIE W. 1PCS + GAS B. 1PCS | B33: =B11+B13 -> 23700 | C33: =B33*$C$4 -> 21330 | D33: =C33/$D$4 -> 19216.216 | E33: 1 | F33: =P33*$F$3 -> 4087 | G33: =P33*$G$3 -> 2010 | H33: =P33*$H$3 -> 603 | I33: =P33*$I$3 -> 1507.5 | J33: 1250 | K33: =D33*$K$3 -> 960.81081 | L33: =(D33*E33)+F33+G33+H33+I33+J33+K33 -> 29634.527 | M33: =N33/O33 -> 0.018079851 | N33: =O33-L33 -> 545.65315 | O33: =P33/$O$4 -> 30180.18 | P33: 33500 | Q33: =P33/E33 -> 33500 | T33: =AD33*$T$3 -> 0 | U33: =AD33*$U$3 -> 0 | V33: =AD33*$V$3 -> 0 | W33: =AD33*$W$3 -> 0 | X33: 1250 | Y33: 1250 | Z33: 1250 | AA33: =AB33/AC33 -> #DIV/0! | AB33: =AC33-Z33 -> -1250 | AC33: =AD33/$O$4 -> 0 | AE33: =AD33/S33 -> #DIV/0! | AH33: =AR33*$AH$3 -> 0 | AI33: =AR33*$AI$3 -> 0 | AJ33: =AR33*$AJ$3 -> 0 | AK33: =AR33*$AK$3 -> 0 | AL33: 1250 | AM33: =AF33*$AM$3 -> 0 | AN33: =(R33*AG33)+AH33+AI33+AJ33+AK33+AL33+AM33 -> 1250 | AO33: =AP33/AQ33 -> #DIV/0! | AP33: =AQ33-AN33 -> -1250 | AQ33: =AR33/$O$4 -> 0 | AS33: =AR33/AG33 -> #DIV/0!
A34: C. FLEXIE W. 2PCS + GAS B. 2PCS | B34: =B11*2+B13*2 -> 47400 | C34: =B34*$C$4 -> 42660 | D34: =C34/$D$4 -> 38432.432 | E34: 1 | F34: =P34*$F$3 -> 7808 | G34: =P34*$G$3 -> 3840 | H34: =P34*$H$3 -> 1152 | I34: =P34*$I$3 -> 2880 | J34: 1250 | K34: =D34*$K$3 -> 1921.6216 | L34: =(D34*E34)+F34+G34+H34+I34+J34+K34 -> 57284.054 | M34: =N34/O34 -> 0.0064796875 | N34: =O34-L34 -> 373.6036 | O34: =P34/$O$4 -> 57657.658 | P34: 64000 | Q34: =P34/E34 -> 64000 | T34: =AD34*$T$3 -> 0 | U34: =AD34*$U$3 -> 0 | V34: =AD34*$V$3 -> 0 | W34: =AD34*$W$3 -> 0 | X34: 1250 | Y34: 1250 | Z34: 1250 | AA34: =AB34/AC34 -> #DIV/0! | AB34: =AC34-Z34 -> -1250 | AC34: =AD34/$O$4 -> 0 | AE34: =AD34/S34 -> #DIV/0! | AH34: =AR34*$AH$3 -> 0 | AI34: =AR34*$AI$3 -> 0 | AJ34: =AR34*$AJ$3 -> 0 | AK34: =AR34*$AK$3 -> 0 | AL34: 1250 | AM34: =AF34*$AM$3 -> 0 | AN34: =(R34*AG34)+AH34+AI34+AJ34+AK34+AL34+AM34 -> 1250 | AO34: =AP34/AQ34 -> #DIV/0! | AP34: =AQ34-AN34 -> -1250 | AQ34: =AR34/$O$4 -> 0 | AS34: =AR34/AG34 -> #DIV/0!
A35: JETFLIP 1PCS + GAS B. 1PCS | B35: =B19+B13 -> 40700 | C35: =B35*$C$4 -> 36630 | D35: =C35/$D$4 -> 33000 | E35: 1 | F35: =P35*$F$3 -> 7405.4 | G35: =P35*$G$3 -> 3642 | H35: =P35*$H$3 -> 1092.6 | I35: =P35*$I$3 -> 2731.5 | J35: 1250 | K35: =D35*$K$3 -> 1650 | L35: =(D35*E35)+F35+G35+H35+I35+J35+K35 -> 50771.5 | M35: =N35/O35 -> 0.071559061 | N35: =O35-L35 -> 3913.1847 | O35: =P35/$O$4 -> 54684.685 | P35: 60700 | Q35: =P35/E35 -> 60700 | T35: =AD35*$T$3 -> 0 | U35: =AD35*$U$3 -> 0 | V35: =AD35*$V$3 -> 0 | W35: =AD35*$W$3 -> 0 | X35: 1250 | Y35: 1250 | Z35: 1250 | AA35: =AB35/AC35 -> #DIV/0! | AB35: =AC35-Z35 -> -1250 | AC35: =AD35/$O$4 -> 0 | AE35: =AD35/S35 -> #DIV/0! | AH35: =AR35*$AH$3 -> 0 | AI35: =AR35*$AI$3 -> 0 | AJ35: =AR35*$AJ$3 -> 0 | AK35: =AR35*$AK$3 -> 0 | AL35: 1250 | AM35: =AF35*$AM$3 -> 0 | AN35: =(R35*AG35)+AH35+AI35+AJ35+AK35+AL35+AM35 -> 1250 | AO35: =AP35/AQ35 -> #DIV/0! | AP35: =AQ35-AN35 -> -1250 | AQ35: =AR35/$O$4 -> 0 | AS35: =AR35/AG35 -> #DIV/0!
A36: CASE ORIGINAL | B36: 2500 | C36: =B36*$C$4 -> 2250 | D36: =C36/$D$4 -> 2027.027 | E36: 1 | F36: =P36*$F$3 -> 854 | G36: =P36*$G$3 -> 420 | H36: =P36*$H$3 -> 126 | I36: =P36*$I$3 -> 315 | J36: 1250 | K36: =D36*$K$3 -> 101.35135 | L36: =(D36*E36)+F36+G36+H36+I36+J36+K36 -> 5093.3784 | M36: =N36/O36 -> 0.19233571 | N36: =O36-L36 -> 1212.9279 | O36: =P36/$O$4 -> 6306.3063 | P36: 7000 | Q36: =P36/E36 -> 7000 | T36: =AD36*$T$3 -> 0 | U36: =AD36*$U$3 -> 0 | V36: =AD36*$V$3 -> 0 | W36: =AD36*$W$3 -> 0 | X36: 1250 | Y36: 1250 | Z36: 1250 | AA36: =AB36/AC36 -> #DIV/0! | AB36: =AC36-Z36 -> -1250 | AC36: =AD36/$O$4 -> 0 | AE36: =AD36/S36 -> #DIV/0! | AH36: =AR36*$AH$3 -> 0 | AI36: =AR36*$AI$3 -> 0 | AJ36: =AR36*$AJ$3 -> 0 | AK36: =AR36*$AK$3 -> 0 | AL36: 1250 | AM36: =AF36*$AM$3 -> 0 | AN36: =(R36*AG36)+AH36+AI36+AJ36+AK36+AL36+AM36 -> 1250 | AO36: =AP36/AQ36 -> #DIV/0! | AP36: =AQ36-AN36 -> -1250 | AQ36: =AR36/$O$4 -> 0 | AS36: =AR36/AG36 -> #DIV/0!
A37: CROCKIE ORIGINAL + CASE | B37: =B5+B36 -> 5700 | C37: =B37*$C$4 -> 5130 | D37: =C37/$D$4 -> 4621.6216 | E37: 1 | F37: =P37*$F$3 -> 1207.8 | G37: =P37*$G$3 -> 594 | H37: =P37*$H$3 -> 178.2 | I37: =P37*$I$3 -> 445.5 | J37: 1250 | K37: =D37*$K$3 -> 231.08108 | L37: =(D37*E37)+F37+G37+H37+I37+J37+K37 -> 8528.2027 | M37: =N37/O37 -> 0.043807576 | N37: =O37-L37 -> 390.71622 | O37: =P37/$O$4 -> 8918.9189 | P37: 9900 | Q37: =P37/E37 -> 9900 | T37: =AD37*$T$3 -> 0 | U37: =AD37*$U$3 -> 0 | V37: =AD37*$V$3 -> 0 | W37: =AD37*$W$3 -> 0 | X37: 1250 | Y37: 1250 | Z37: 1250 | AA37: =AB37/AC37 -> #DIV/0! | AB37: =AC37-Z37 -> -1250 | AC37: =AD37/$O$4 -> 0 | AE37: =AD37/S37 -> #DIV/0! | AH37: =AR37*$AH$3 -> 0 | AI37: =AR37*$AI$3 -> 0 | AJ37: =AR37*$AJ$3 -> 0 | AK37: =AR37*$AK$3 -> 0 | AL37: 1250 | AM37: =AF37*$AM$3 -> 0 | AN37: =(R37*AG37)+AH37+AI37+AJ37+AK37+AL37+AM37 -> 1250 | AO37: =AP37/AQ37 -> #DIV/0! | AP37: =AQ37-AN37 -> -1250 | AQ37: =AR37/$O$4 -> 0 | AS37: =AR37/AG37 -> #DIV/0!
A38: CROCKIE ORIGINAL 5 + CASE | B38: =B5*5+B36 -> 18500 | C38: =B38*$C$4 -> 16650 | D38: =C38/$D$4 -> 15000 | E38: 1 | F38: =P38*$F$3 -> 3660 | G38: =P38*$G$3 -> 1800 | H38: =P38*$H$3 -> 540 | I38: =P38*$I$3 -> 1350 | J38: 1250 | K38: =D38*$K$3 -> 750 | L38: =(D38*E38)+F38+G38+H38+I38+J38+K38 -> 24350 | M38: =N38/O38 -> 0.09905 | N38: =O38-L38 -> 2677.027 | O38: =P38/$O$4 -> 27027.027 | P38: 30000 | Q38: =P38/E38 -> 30000 | T38: =AD38*$T$3 -> 0 | U38: =AD38*$U$3 -> 0 | V38: =AD38*$V$3 -> 0 | W38: =AD38*$W$3 -> 0 | X38: 1250 | Y38: 1250 | Z38: 1250 | AA38: =AB38/AC38 -> #DIV/0! | AB38: =AC38-Z38 -> -1250 | AC38: =AD38/$O$4 -> 0 | AE38: =AD38/S38 -> #DIV/0! | AH38: =AR38*$AH$3 -> 0 | AI38: =AR38*$AI$3 -> 0 | AJ38: =AR38*$AJ$3 -> 0 | AK38: =AR38*$AK$3 -> 0 | AL38: 1250 | AM38: =AF38*$AM$3 -> 0 | AN38: =(R38*AG38)+AH38+AI38+AJ38+AK38+AL38+AM38 -> 1250 | AO38: =AP38/AQ38 -> #DIV/0! | AP38: =AQ38-AN38 -> -1250 | AQ38: =AR38/$O$4 -> 0 | AS38: =AR38/AG38 -> #DIV/0!
A39: CASE BARA | B39: 3000 | C39: =B39*$C$4 -> 2700 | D39: =C39/$D$4 -> 2432.4324 | E39: 1 | F39: =P39*$F$3 -> 869.25 | G39: =P39*$G$3 -> 427.5 | H39: =P39*$H$3 -> 128.25 | I39: =P39*$I$3 -> 320.625 | J39: 1250 | K39: =D39*$K$3 -> 121.62162 | L39: =(D39*E39)+F39+G39+H39+I39+J39+K39 -> 5549.6791 | M39: =N39/O39 -> 0.13541842 | N39: =O39-L39 -> 869.23986 | O39: =P39/$O$4 -> 6418.9189 | P39: 7125 | Q39: =P39/E39 -> 7125 | T39: =AD39*$T$3 -> 0 | U39: =AD39*$U$3 -> 0 | V39: =AD39*$V$3 -> 0 | W39: =AD39*$W$3 -> 0 | X39: 1250 | Y39: 1250 | Z39: 1250 | AA39: =AB39/AC39 -> #DIV/0! | AB39: =AC39-Z39 -> -1250 | AC39: =AD39/$O$4 -> 0 | AE39: =AD39/S39 -> #DIV/0! | AH39: =AR39*$AH$3 -> 0 | AI39: =AR39*$AI$3 -> 0 | AJ39: =AR39*$AJ$3 -> 0 | AK39: =AR39*$AK$3 -> 0 | AL39: 1250 | AM39: =AF39*$AM$3 -> 0 | AN39: =(R39*AG39)+AH39+AI39+AJ39+AK39+AL39+AM39 -> 1250 | AO39: =AP39/AQ39 -> #DIV/0! | AP39: =AQ39-AN39 -> -1250 | AQ39: =AR39/$O$4 -> 0 | AS39: =AR39/AG39 -> #DIV/0!
A40: CASE BARA CUSTOM | B40: =B39+1000 -> 4000 | C40: =B40*$C$4 -> 3600 | D40: =C40/$D$4 -> 3243.2432 | E40: 1 | F40: =P40*$F$3 -> 1098 | G40: =P40*$G$3 -> 540 | H40: =P40*$H$3 -> 162 | I40: =P40*$I$3 -> 405 | J40: 1250 | K40: =D40*$K$3 -> 162.16216 | L40: =(D40*E40)+F40+G40+H40+I40+J40+K40 -> 6860.4054 | M40: =N40/O40 -> 0.15388333 | N40: =O40-L40 -> 1247.7027 | O40: =P40/$O$4 -> 8108.1081 | P40: 9000 | Q40: =P40/E40 -> 9000 | T40: =AD40*$T$3 -> 0 | U40: =AD40*$U$3 -> 0 | V40: =AD40*$V$3 -> 0 | W40: =AD40*$W$3 -> 0 | X40: 1250 | Y40: 1250 | Z40: 1250 | AA40: =AB40/AC40 -> #DIV/0! | AB40: =AC40-Z40 -> -1250 | AC40: =AD40/$O$4 -> 0 | AE40: =AD40/S40 -> #DIV/0! | AH40: =AR40*$AH$3 -> 0 | AI40: =AR40*$AI$3 -> 0 | AJ40: =AR40*$AJ$3 -> 0 | AK40: =AR40*$AK$3 -> 0 | AL40: 1250 | AM40: =AF40*$AM$3 -> 0 | AN40: =(R40*AG40)+AH40+AI40+AJ40+AK40+AL40+AM40 -> 1250 | AO40: =AP40/AQ40 -> #DIV/0! | AP40: =AQ40-AN40 -> -1250 | AQ40: =AR40/$O$4 -> 0 | AS40: =AR40/AG40 -> #DIV/0!
A41: CROCKIE BARA + CASE | B41: =B7+B39 -> 6900 | C41: =B41*$C$4 -> 6210 | D41: =C41/$D$4 -> 5594.5946 | E41: 1 | F41: =P41*$F$3 -> 1525 | G41: =P41*$G$3 -> 750 | H41: =P41*$H$3 -> 225 | I41: =P41*$I$3 -> 562.5 | J41: 1250 | K41: =D41*$K$3 -> 279.72973 | L41: =(D41*E41)+F41+G41+H41+I41+J41+K41 -> 10186.824 | M41: =N41/O41 -> 0.09541 | N41: =O41-L41 -> 1074.4369 | O41: =P41/$O$4 -> 11261.261 | P41: 12500 | Q41: =P41/E41 -> 12500 | T41: =AD41*$T$3 -> 0 | U41: =AD41*$U$3 -> 0 | V41: =AD41*$V$3 -> 0 | W41: =AD41*$W$3 -> 0 | X41: 1250 | Y41: 1250 | Z41: 1250 | AA41: =AB41/AC41 -> #DIV/0! | AB41: =AC41-Z41 -> -1250 | AC41: =AD41/$O$4 -> 0 | AE41: =AD41/S41 -> #DIV/0! | AH41: =AR41*$AH$3 -> 0 | AI41: =AR41*$AI$3 -> 0 | AJ41: =AR41*$AJ$3 -> 0 | AK41: =AR41*$AK$3 -> 0 | AL41: 1250 | AM41: =AF41*$AM$3 -> 0 | AN41: =(R41*AG41)+AH41+AI41+AJ41+AK41+AL41+AM41 -> 1250 | AO41: =AP41/AQ41 -> #DIV/0! | AP41: =AQ41-AN41 -> -1250 | AQ41: =AR41/$O$4 -> 0 | AS41: =AR41/AG41 -> #DIV/0!
A42: CROCKIE BARA + CASE CUSTOM | B42: =B7+B40 -> 7900 | C42: =B42*$C$4 -> 7110 | D42: =C42/$D$4 -> 6405.4054 | E42: 1 | F42: =P42*$F$3 -> 1647 | G42: =P42*$G$3 -> 810 | H42: =P42*$H$3 -> 243 | I42: =P42*$I$3 -> 607.5 | J42: 1250 | K42: =D42*$K$3 -> 320.27027 | L42: =(D42*E42)+F42+G42+H42+I42+J42+K42 -> 11283.176 | M42: =N42/O42 -> 0.072272222 | N42: =O42-L42 -> 878.98649 | O42: =P42/$O$4 -> 12162.162 | P42: 13500 | Q42: =P42/E42 -> 13500 | T42: =AD42*$T$3 -> 0 | U42: =AD42*$U$3 -> 0 | V42: =AD42*$V$3 -> 0 | W42: =AD42*$W$3 -> 0 | X42: 1250 | Y42: 1250 | Z42: 1250 | AA42: =AB42/AC42 -> #DIV/0! | AB42: =AC42-Z42 -> -1250 | AC42: =AD42/$O$4 -> 0 | AE42: =AD42/S42 -> #DIV/0! | AH42: =AR42*$AH$3 -> 0 | AI42: =AR42*$AI$3 -> 0 | AJ42: =AR42*$AJ$3 -> 0 | AK42: =AR42*$AK$3 -> 0 | AL42: 1250 | AM42: =AF42*$AM$3 -> 0 | AN42: =(R42*AG42)+AH42+AI42+AJ42+AK42+AL42+AM42 -> 1250 | AO42: =AP42/AQ42 -> #DIV/0! | AP42: =AQ42-AN42 -> -1250 | AQ42: =AR42/$O$4 -> 0 | AS42: =AR42/AG42 -> #DIV/0!
A43: CROCKIE BARA 5 + CASE | B43: =B7*5+B39 -> 22500 | C43: =B43*$C$4 -> 20250 | D43: =C43/$D$4 -> 18243.243 | E43: 1 | F43: =P43*$F$3 -> 4270 | G43: =P43*$G$3 -> 2100 | H43: =P43*$H$3 -> 630 | I43: =P43*$I$3 -> 1575 | J43: 1250 | K43: =D43*$K$3 -> 912.16216 | L43: =(D43*E43)+F43+G43+H43+I43+J43+K43 -> 28980.405 | M43: =N43/O43 -> 0.080907143 | N43: =O43-L43 -> 2551.1261 | O43: =P43/$O$4 -> 31531.532 | P43: 35000 | Q43: =P43/E43 -> 35000 | T43: =AD43*$T$3 -> 0 | U43: =AD43*$U$3 -> 0 | V43: =AD43*$V$3 -> 0 | W43: =AD43*$W$3 -> 0 | X43: 1250 | Y43: 1250 | Z43: 1250 | AA43: =AB43/AC43 -> #DIV/0! | AB43: =AC43-Z43 -> -1250 | AC43: =AD43/$O$4 -> 0 | AE43: =AD43/S43 -> #DIV/0! | AH43: =AR43*$AH$3 -> 0 | AI43: =AR43*$AI$3 -> 0 | AJ43: =AR43*$AJ$3 -> 0 | AK43: =AR43*$AK$3 -> 0 | AL43: 1250 | AM43: =AF43*$AM$3 -> 0 | AN43: =(R43*AG43)+AH43+AI43+AJ43+AK43+AL43+AM43 -> 1250 | AO43: =AP43/AQ43 -> #DIV/0! | AP43: =AQ43-AN43 -> -1250 | AQ43: =AR43/$O$4 -> 0 | AS43: =AR43/AG43 -> #DIV/0!
A44: CROCKIE BARA 5 + CASE CUSTOM | B44: =B7*5+B40 -> 23500 | C44: =B44*$C$4 -> 21150 | D44: =C44/$D$4 -> 19054.054 | E44: 1 | F44: =P44*$F$3 -> 4514 | G44: =P44*$G$3 -> 2220 | H44: =P44*$H$3 -> 666 | I44: =P44*$I$3 -> 1665 | J44: 1250 | K44: =D44*$K$3 -> 952.7027 | L44: =(D44*E44)+F44+G44+H44+I44+J44+K44 -> 30321.757 | M44: =N44/O44 -> 0.090347297 | N44: =O44-L44 -> 3011.5766 | O44: =P44/$O$4 -> 33333.333 | P44: 37000 | Q44: =P44/E44 -> 37000 | T44: =AD44*$T$3 -> 0 | U44: =AD44*$U$3 -> 0 | V44: =AD44*$V$3 -> 0 | W44: =AD44*$W$3 -> 0 | X44: 1250 | Y44: 1250 | Z44: 1250 | AA44: =AB44/AC44 -> #DIV/0! | AB44: =AC44-Z44 -> -1250 | AC44: =AD44/$O$4 -> 0 | AE44: =AD44/S44 -> #DIV/0! | AH44: =AR44*$AH$3 -> 0 | AI44: =AR44*$AI$3 -> 0 | AJ44: =AR44*$AJ$3 -> 0 | AK44: =AR44*$AK$3 -> 0 | AL44: 1250 | AM44: =AF44*$AM$3 -> 0 | AN44: =(R44*AG44)+AH44+AI44+AJ44+AK44+AL44+AM44 -> 1250 | AO44: =AP44/AQ44 -> #DIV/0! | AP44: =AQ44-AN44 -> -1250 | AQ44: =AR44/$O$4 -> 0 | AS44: =AR44/AG44 -> #DIV/0!
A45: PAKKET BUY MORE GET FREE ITEM
A46: C.ORI 5PCS FREE 1PCS | B46: =B5 -> 3200 | C46: =B46*$C$4 -> 2880 | D46: =C46/$D$4 -> 2594.5946 | E46: 6 | F46: =P46*$F$3 -> 3355 | G46: =P46*$G$3 -> 1650 | H46: =P46*$H$3 -> 495 | I46: =P46*$I$3 -> 1237.5 | J46: 1250 | K46: =D46*$K$3 -> 129.72973 | L46: =(D46*E46)+F46+G46+H46+I46+J46+K46 -> 23684.797 | M46: =N46/O46 -> 0.043995455 | N46: =O46-L46 -> 1089.9775 | O46: =P46/$O$4 -> 24774.775 | P46: 27500 | Q46: =P46/E46 -> 4583.3333 | T46: =AD46*$T$3 -> 0 | U46: =AD46*$U$3 -> 0 | V46: =AD46*$V$3 -> 0 | W46: =AD46*$W$3 -> 0 | X46: 1250 | Y46: =D46*$Y$3 -> 129.72973 | Z46: =(D46*S46)+T46+U46+V46+W46+X46+Y46 -> 1379.7297 | AA46: =AB46/AC46 -> #DIV/0! | AB46: =AC46-Z46 -> -1379.7297 | AC46: =AD46/$O$4 -> 0 | AE46: =AD46/S46 -> #DIV/0! | AH46: =AR46*$AH$3 -> 0 | AI46: =AR46*$AI$3 -> 0 | AJ46: =AR46*$AJ$3 -> 0 | AK46: =AR46*$AK$3 -> 0 | AL46: 1250 | AM46: =AF46*$AM$3 -> 0 | AN46: =(R46*AG46)+AH46+AI46+AJ46+AK46+AL46+AM46 -> 1250 | AO46: =AP46/AQ46 -> #DIV/0! | AP46: =AQ46-AN46 -> -1250 | AQ46: =AR46/$O$4 -> 0 | AS46: =AR46/AG46 -> #DIV/0!
A47: C.M.SUPER 5PCS FREE 1PCS | B47: =B6 -> 3500 | C47: =B47*$C$4 -> 3150 | D47: =C47/$D$4 -> 2837.8378 | E47: 6 | F47: =P47*$F$3 -> 3586.8 | G47: =P47*$G$3 -> 1764 | H47: =P47*$H$3 -> 529.2 | I47: =P47*$I$3 -> 1323 | J47: 1250 | K47: =D47*$K$3 -> 141.89189 | L47: =(D47*E47)+F47+G47+H47+I47+J47+K47 -> 25621.919 | M47: =N47/O47 -> 0.032641837 | N47: =O47-L47 -> 864.56757 | O47: =P47/$O$4 -> 26486.486 | P47: 29400 | Q47: =P47/E47 -> 4900 | T47: =AD47*$T$3 -> 0 | U47: =AD47*$U$3 -> 0 | V47: =AD47*$V$3 -> 0 | W47: =AD47*$W$3 -> 0 | X47: 1250 | Y47: =D47*$Y$3 -> 141.89189 | Z47: =(D47*S47)+T47+U47+V47+W47+X47+Y47 -> 1391.8919 | AA47: =AB47/AC47 -> #DIV/0! | AB47: =AC47-Z47 -> -1391.8919 | AC47: =AD47/$O$4 -> 0 | AE47: =AD47/S47 -> #DIV/0! | AH47: =AR47*$AH$3 -> 0 | AI47: =AR47*$AI$3 -> 0 | AJ47: =AR47*$AJ$3 -> 0 | AK47: =AR47*$AK$3 -> 0 | AL47: 1250 | AM47: =AF47*$AM$3 -> 0 | AN47: =(R47*AG47)+AH47+AI47+AJ47+AK47+AL47+AM47 -> 1250 | AO47: =AP47/AQ47 -> #DIV/0! | AP47: =AQ47-AN47 -> -1250 | AQ47: =AR47/$O$4 -> 0 | AS47: =AR47/AG47 -> #DIV/0!
A48: C.B.TURBO 5PCS FREE 1PCS | B48: =B7 -> 3900 | C48: =B48*$C$4 -> 3510 | D48: =C48/$D$4 -> 3162.1622 | E48: 6 | F48: =P48*$F$3 -> 3904 | G48: =P48*$G$3 -> 1920 | H48: =P48*$H$3 -> 576 | I48: =P48*$I$3 -> 1440 | J48: 1250 | K48: =D48*$K$3 -> 158.10811 | L48: =(D48*E48)+F48+G48+H48+I48+J48+K48 -> 28221.081 | M48: =N48/O48 -> 0.02108125 | N48: =O48-L48 -> 607.74775 | O48: =P48/$O$4 -> 28828.829 | P48: 32000 | Q48: =P48/E48 -> 5333.3333 | T48: =AD48*$T$3 -> 0 | U48: =AD48*$U$3 -> 0 | V48: =AD48*$V$3 -> 0 | W48: =AD48*$W$3 -> 0 | X48: 1250 | Y48: =D48*$Y$3 -> 158.10811 | Z48: =(D48*S48)+T48+U48+V48+W48+X48+Y48 -> 1408.1081 | AA48: =AB48/AC48 -> #DIV/0! | AB48: =AC48-Z48 -> -1408.1081 | AC48: =AD48/$O$4 -> 0 | AE48: =AD48/S48 -> #DIV/0! | AH48: =AR48*$AH$3 -> 0 | AI48: =AR48*$AI$3 -> 0 | AJ48: =AR48*$AJ$3 -> 0 | AK48: =AR48*$AK$3 -> 0 | AL48: 1250 | AM48: =AF48*$AM$3 -> 0 | AN48: =(R48*AG48)+AH48+AI48+AJ48+AK48+AL48+AM48 -> 1250 | AO48: =AP48/AQ48 -> #DIV/0! | AP48: =AQ48-AN48 -> -1250 | AQ48: =AR48/$O$4 -> 0 | AS48: =AR48/AG48 -> #DIV/0!
A49: C. SERI FLAG 5PCS FREE 1PCS | B49: =B17 -> 3700 | C49: =B49*$C$4 -> 3330 | D49: =C49/$D$4 -> 3000 | E49: 6 | F49: =P49*$F$3 -> 3721 | G49: =P49*$G$3 -> 1830 | H49: =P49*$H$3 -> 549 | I49: =P49*$I$3 -> 1372.5 | J49: 1250 | K49: =D49*$K$3 -> 150 | L49: =(D49*E49)+F49+G49+H49+I49+J49+K49 -> 26872.5 | M49: =N49/O49 -> 0.022017213 | N49: =O49-L49 -> 604.97748 | O49: =P49/$O$4 -> 27477.477 | P49: 30500 | Q49: =P49/E49 -> 5083.3333 | T49: =AD49*$T$3 -> 0 | U49: =AD49*$U$3 -> 0 | V49: =AD49*$V$3 -> 0 | W49: =AD49*$W$3 -> 0 | X49: 1250 | Y49: =D49*$Y$3 -> 150 | Z49: =(D49*S49)+T49+U49+V49+W49+X49+Y49 -> 1400 | AA49: =AB49/AC49 -> #DIV/0! | AB49: =AC49-Z49 -> -1400 | AC49: =AD49/$O$4 -> 0 | AE49: =AD49/S49 -> #DIV/0! | AH49: =AR49*$AH$3 -> 0 | AI49: =AR49*$AI$3 -> 0 | AJ49: =AR49*$AJ$3 -> 0 | AK49: =AR49*$AK$3 -> 0 | AL49: 1250 | AM49: =AF49*$AM$3 -> 0 | AN49: =(R49*AG49)+AH49+AI49+AJ49+AK49+AL49+AM49 -> 1250 | AO49: =AP49/AQ49 -> #DIV/0! | AP49: =AQ49-AN49 -> -1250 | AQ49: =AR49/$O$4 -> 0 | AS49: =AR49/AG49 -> #DIV/0!
A50: C.ORI 2+M.SUPER 2+B.TURBO 1PCS FREE 1ORI | B50: =B5*3+B6*2+B7 -> 20500 | C50: =B50*$C$4 -> 18450 | D50: =C50/$D$4 -> 16621.622 | E50: 1 | F50: =P50*$F$3 -> 0 | G50: =P50*$G$3 -> 0 | H50: =P50*$H$3 -> 0 | I50: =P50*$I$3 -> 0 | J50: 1250 | K50: =D50*$K$3 -> 831.08108 | L50: =(D50*E50)+F50+G50+H50+I50+J50+K50 -> 18702.703 | M50: =N50/O50 -> #DIV/0! | N50: =O50-L50 -> -18702.703 | O50: =P50/$O$4 -> 0 | Q50: =P50/E50 -> 0 | Y50: =D50*$Y$3 -> 831.08108
A51: C.ORI 2+M.SUPER 3 FREE 1PCS ORI | B51: =B5*3+B6*3 -> 20100 | C51: =B51*$C$4 -> 18090 | D51: =C51/$D$4 -> 16297.297 | E51: 1 | F51: =P51*$F$3 -> 0 | G51: =P51*$G$3 -> 0 | H51: =P51*$H$3 -> 0 | I51: =P51*$I$3 -> 0 | J51: 1250 | K51: =D51*$K$3 -> 814.86486 | L51: =(D51*E51)+F51+G51+H51+I51+J51+K51 -> 18362.162 | M51: =N51/O51 -> #DIV/0! | N51: =O51-L51 -> -18362.162 | O51: =P51/$O$4 -> 0 | Q51: =P51/E51 -> 0 | Y51: =D51*$Y$3 -> 814.86486
A52: C.M.SUPER 3+B.TURBO 2 FREE 1PCS B.TURBO | B52: =B6*3+B7*3 -> 22200 | C52: =B52*$C$4 -> 19980 | D52: =C52/$D$4 -> 18000 | E52: 1 | F52: =P52*$F$3 -> 0 | G52: =P52*$G$3 -> 0 | H52: =P52*$H$3 -> 0 | I52: =P52*$I$3 -> 0 | J52: 1250 | K52: =D52*$K$3 -> 900 | L52: =(D52*E52)+F52+G52+H52+I52+J52+K52 -> 20150 | M52: =N52/O52 -> #DIV/0! | N52: =O52-L52 -> -20150 | O52: =P52/$O$4 -> 0 | Q52: =P52/E52 -> 0 | Y52: =D52*$Y$3 -> 900
A53: C.IDEA 3+C.ORI 2 FREE 1PCS ORI | B53: =B9*3+B5*3 -> 38100 | C53: =B53*$C$4 -> 34290 | D53: =C53/$D$4 -> 30891.892 | E53: 1 | F53: =P53*$F$3 -> 0 | G53: =P53*$G$3 -> 0 | H53: =P53*$H$3 -> 0 | I53: =P53*$I$3 -> 0 | J53: 1250 | K53: =D53*$K$3 -> 1544.5946 | L53: =(D53*E53)+F53+G53+H53+I53+J53+K53 -> 33686.486 | M53: =N53/O53 -> #DIV/0! | N53: =O53-L53 -> -33686.486 | O53: =P53/$O$4 -> 0 | Q53: =P53/E53 -> 0 | Y53: =D53*$Y$3 -> 1544.5946
A54: C.IDEA 3+C.M.SUPER 2 FREE 1PCS M.SUPER | B54: =B9*3+B5*3 -> 38100 | C54: =B54*$C$4 -> 34290 | D54: =C54/$D$4 -> 30891.892 | E54: 1 | F54: =P54*$F$3 -> 0 | G54: =P54*$G$3 -> 0 | H54: =P54*$H$3 -> 0 | I54: =P54*$I$3 -> 0 | J54: 1250 | K54: =D54*$K$3 -> 1544.5946 | L54: =(D54*E54)+F54+G54+H54+I54+J54+K54 -> 33686.486 | M54: =N54/O54 -> #DIV/0! | N54: =O54-L54 -> -33686.486 | O54: =P54/$O$4 -> 0 | Q54: =P54/E54 -> 0 | Y54: =D54*$Y$3 -> 1544.5946
A55: C.IDEA 3+C.B.TURBO 2 FREE1PCS B.TURBO | B55: =B9*3+B7*3 -> 40200 | C55: =B55*$C$4 -> 36180 | D55: =C55/$D$4 -> 32594.595 | E55: 1 | F55: =P55*$F$3 -> 0 | G55: =P55*$G$3 -> 0 | H55: =P55*$H$3 -> 0 | I55: =P55*$I$3 -> 0 | J55: 1250 | K55: =D55*$K$3 -> 1629.7297 | L55: =(D55*E55)+F55+G55+H55+I55+J55+K55 -> 35474.324 | M55: =N55/O55 -> #DIV/0! | N55: =O55-L55 -> -35474.324 | O55: =P55/$O$4 -> 0 | Q55: =P55/E55 -> 0 | Y55: =D55*$Y$3 -> 1629.7297
A56: C.IDEA 4PCS FREE 1PCS G.BUTANE | B56: =B9*4+B13 -> 43700 | C56: =B56*$C$4 -> 39330 | D56: =C56/$D$4 -> 35432.432 | E56: 1 | F56: =P56*$F$3 -> 0 | G56: =P56*$G$3 -> 0 | H56: =P56*$H$3 -> 0 | I56: =P56*$I$3 -> 0 | J56: 1250 | K56: =D56*$K$3 -> 1771.6216 | L56: =(D56*E56)+F56+G56+H56+I56+J56+K56 -> 38454.054 | M56: =N56/O56 -> #DIV/0! | N56: =O56-L56 -> -38454.054 | O56: =P56/$O$4 -> 0 | Q56: =P56/E56 -> 0 | Y56: =D56*$Y$3 -> 1771.6216
A57: C.SUPERJET 4PCS FREE 1PCS G.BUTANE | B57: =B8*4+B13 -> 105700 | C57: =B57*$C$4 -> 95130 | D57: =C57/$D$4 -> 85702.703 | E57: 1 | F57: =P57*$F$3 -> 0 | G57: =P57*$G$3 -> 0 | H57: =P57*$H$3 -> 0 | I57: =P57*$I$3 -> 0 | J57: 1250 | K57: =D57*$K$3 -> 4285.1351 | L57: =(D57*E57)+F57+G57+H57+I57+J57+K57 -> 91237.838 | M57: =N57/O57 -> #DIV/0! | N57: =O57-L57 -> -91237.838 | O57: =P57/$O$4 -> 0 | Q57: =P57/E57 -> 0 | Y57: =D57*$Y$3 -> 4285.1351
C58: =B58*$C$4 -> 0 | D58: =C58/$D$4 -> 0 | E58: 1 | F58: =P58*$F$3 -> 0 | G58: =P58*$G$3 -> 0 | H58: =P58*$H$3 -> 0 | I58: =P58*$I$3 -> 0 | J58: 1250 | K58: =D58*$K$3 -> 0 | L58: =(D58*E58)+F58+G58+H58+I58+J58+K58 -> 1250 | M58: =N58/O58 -> #DIV/0! | N58: =O58-L58 -> -1250 | O58: =P58/$O$4 -> 0 | Q58: =P58/E58 -> 0 | Y58: =D58*$Y$3 -> 0
A59: C.IDEA 5PCS FREE 1PCS G.BUTANE | B59: =B9*5+B13 -> 53200 | C59: =B59*$C$4 -> 47880 | D59: =C59/$D$4 -> 43135.135 | E59: 1 | F59: =P59*$F$3 -> 0 | G59: =P59*$G$3 -> 0 | H59: =P59*$H$3 -> 0 | I59: =P59*$I$3 -> 0 | J59: 1250 | K59: =D59*$K$3 -> 2156.7568 | L59: =(D59*E59)+F59+G59+H59+I59+J59+K59 -> 46541.892 | M59: =N59/O59 -> #DIV/0! | N59: =O59-L59 -> -46541.892 | O59: =P59/$O$4 -> 0 | Q59: =P59/E59 -> 0 | Y59: =D59*$Y$3 -> 2156.7568
A60: C.POWERJET 4PCS FREE 1PCS G.BUTANE | B60: =B12*4+B13 -> 297700 | C60: =B60*$C$4 -> 267930 | D60: =C60/$D$4 -> 241378.38 | E60: 1 | F60: =P60*$F$3 -> 0 | G60: =P60*$G$3 -> 0 | H60: =P60*$H$3 -> 0 | I60: =P60*$I$3 -> 0 | J60: 1250 | K60: =D60*$K$3 -> 12068.919 | L60: =(D60*E60)+F60+G60+H60+I60+J60+K60 -> 254697.3 | M60: =N60/O60 -> #DIV/0! | N60: =O60-L60 -> -254697.3 | O60: =P60/$O$4 -> 0 | Q60: =P60/E60 -> 0 | Y60: =D60*$Y$3 -> 12068.919
A61: C.FLEXIE 4PCS FREE 1PCS G.BUTANE | B61: =B10*4+B13 -> 65700 | C61: =B61*$C$4 -> 59130 | D61: =C61/$D$4 -> 53270.27 | E61: 1 | F61: =P61*$F$3 -> 0 | G61: =P61*$G$3 -> 0 | H61: =P61*$H$3 -> 0 | I61: =P61*$I$3 -> 0 | J61: 1250 | K61: =D61*$K$3 -> 2663.5135 | L61: =(D61*E61)+F61+G61+H61+I61+J61+K61 -> 57183.784 | M61: =N61/O61 -> #DIV/0! | N61: =O61-L61 -> -57183.784 | O61: =P61/$O$4 -> 0 | Q61: =P61/E61 -> 0 | Y61: =D61*$Y$3 -> 2663.5135
A62: C.FLEXIE W 4PCS FREE 1PCS G.BUTANE | B62: =B11*4+B13 -> 77700 | C62: =B62*$C$4 -> 69930 | D62: =C62/$D$4 -> 63000 | E62: 1 | F62: =P62*$F$3 -> 0 | G62: =P62*$G$3 -> 0 | H62: =P62*$H$3 -> 0 | I62: =P62*$I$3 -> 0 | J62: 1250 | K62: =D62*$K$3 -> 3150 | L62: =(D62*E62)+F62+G62+H62+I62+J62+K62 -> 67400 | M62: =N62/O62 -> #DIV/0! | N62: =O62-L62 -> -67400 | O62: =P62/$O$4 -> 0 | Q62: =P62/E62 -> 0 | Y62: =D62*$Y$3 -> 3150
C63: =B63*$C$4 -> 0 | D63: =C63/$D$4 -> 0 | E63: 1 | F63: =P63*$F$3 -> 0 | G63: =P63*$G$3 -> 0 | H63: =P63*$H$3 -> 0 | I63: =P63*$I$3 -> 0 | J63: 1250 | K63: =D63*$K$3 -> 0 | L63: =(D63*E63)+F63+G63+H63+I63+J63+K63 -> 1250 | M63: =N63/O63 -> #DIV/0! | N63: =O63-L63 -> -1250 | O63: =P63/$O$4 -> 0 | Q63: =P63/E63 -> 0 | Y63: =D63*$Y$3 -> 0
C64: =B64*$C$4 -> 0 | D64: =C64/$D$4 -> 0 | E64: 1 | F64: =P64*$F$3 -> 0 | G64: =P64*$G$3 -> 0 | H64: =P64*$H$3 -> 0 | I64: =P64*$I$3 -> 0 | J64: 1250 | K64: =D64*$K$3 -> 0 | L64: =(D64*E64)+F64+G64+H64+I64+J64+K64 -> 1250 | M64: =N64/O64 -> #DIV/0! | N64: =O64-L64 -> -1250 | O64: =P64/$O$4 -> 0 | Q64: =P64/E64 -> 0 | T64: =AD64*$T$3 -> 0 | U64: =AD64*$U$3 -> 0 | V64: =AD64*$V$3 -> 0 | W64: =AD64*$W$3 -> 0 | X64: 1250 | Y64: =D64*$Y$3 -> 0 | Z64: =(D64*S64)+T64+U64+V64+W64+X64+Y64 -> 1250 | AA64: =AB64/AC64 -> #DIV/0! | AB64: =AC64-Z64 -> -1250 | AC64: =AD64/$O$4 -> 0 | AE64: =AD64/S64 -> #DIV/0! | AH64: =AR64*$AH$3 -> 0 | AI64: =AR64*$AI$3 -> 0 | AJ64: =AR64*$AJ$3 -> 0 | AK64: =AR64*$AK$3 -> 0 | AL64: 1250 | AM64: =AF64*$AM$3 -> 0 | AN64: =(R64*AG64)+AH64+AI64+AJ64+AK64+AL64+AM64 -> 1250 | AO64: =AP64/AQ64 -> #DIV/0! | AP64: =AQ64-AN64 -> -1250 | AQ64: =AR64/$O$4 -> 0 | AS64: =AR64/AG64 -> #DIV/0!
A65: C.M.SUPER 1BOX FREE 5PCS | B65: =B6*1 -> 3500 | C65: =B65*$C$4 -> 3150 | D65: =C65/$D$4 -> 2837.8378 | E65: 55 | F65: =P65*$F$3 -> 30378 | G65: =P65*$G$3 -> 14940 | H65: =P65*$H$3 -> 4482 | I65: =P65*$I$3 -> 11205 | J65: 1250 | K65: =D65*$K$3 -> 141.89189 | L65: =(D65*E65)+F65+G65+H65+I65+J65+K65 -> 218477.97 | M65: =N65/O65 -> 0.026062048 | N65: =O65-L65 -> 5846.3514 | O65: =P65/$O$4 -> 224324.32 | P65: 249000 | Q65: =P65/E65 -> 4527.2727 | T65: =AD65*$T$3 -> 0 | U65: =AD65*$U$3 -> 0 | V65: =AD65*$V$3 -> 0 | W65: =AD65*$W$3 -> 0 | X65: 1250 | Y65: =D65*$Y$3 -> 141.89189 | Z65: =(D65*S65)+T65+U65+V65+W65+X65+Y65 -> 1391.8919 | AA65: =AB65/AC65 -> #DIV/0! | AB65: =AC65-Z65 -> -1391.8919 | AC65: =AD65/$O$4 -> 0 | AE65: =AD65/S65 -> #DIV/0! | AH65: =AR65*$AH$3 -> 0 | AI65: =AR65*$AI$3 -> 0 | AJ65: =AR65*$AJ$3 -> 0 | AK65: =AR65*$AK$3 -> 0 | AL65: 1250 | AM65: =AF65*$AM$3 -> 0 | AN65: =(R65*AG65)+AH65+AI65+AJ65+AK65+AL65+AM65 -> 1250 | AO65: =AP65/AQ65 -> #DIV/0! | AP65: =AQ65-AN65 -> -1250 | AQ65: =AR65/$O$4 -> 0 | AS65: =AR65/AG65 -> #DIV/0!
A66: C.B.TURBO 1BOX FREE 2PCS G.BUTANE | B66: =B7*25+B13*2 -> 108900 | C66: =B66*$C$4 -> 98010 | D66: =C66/$D$4 -> 88297.297 | E66: 1 | F66: =P66*$F$3 -> 19154 | G66: =P66*$G$3 -> 9420 | H66: =P66*$H$3 -> 2826 | I66: =P66*$I$3 -> 7065 | J66: 1250 | K66: =D66*$K$3 -> 4414.8649 | L66: =(D66*E66)+F66+G66+H66+I66+J66+K66 -> 132427.16 | M66: =N66/O66 -> 0.063731529 | N66: =O66-L66 -> 9014.2793 | O66: =P66/$O$4 -> 141441.44 | P66: 157000 | Q66: =P66/E66 -> 157000 | T66: =AD66*$T$3 -> 0 | U66: =AD66*$U$3 -> 0 | V66: =AD66*$V$3 -> 0 | W66: =AD66*$W$3 -> 0 | X66: 1250 | Y66: =D66*$Y$3 -> 4414.8649 | Z66: =(D66*S66)+T66+U66+V66+W66+X66+Y66 -> 5664.8649 | AA66: =AB66/AC66 -> #DIV/0! | AB66: =AC66-Z66 -> -5664.8649 | AC66: =AD66/$O$4 -> 0 | AE66: =AD66/S66 -> #DIV/0! | AH66: =AR66*$AH$3 -> 0 | AI66: =AR66*$AI$3 -> 0 | AJ66: =AR66*$AJ$3 -> 0 | AK66: =AR66*$AK$3 -> 0 | AL66: 1250 | AM66: =AF66*$AM$3 -> 0 | AN66: =(R66*AG66)+AH66+AI66+AJ66+AK66+AL66+AM66 -> 1250 | AO66: =AP66/AQ66 -> #DIV/0! | AP66: =AQ66-AN66 -> -1250 | AQ66: =AR66/$O$4 -> 0 | AS66: =AR66/AG66 -> #DIV/0!
A67: C.M.S P.BLACK 1BOX FREE 5PCS | B67: =B15*55 -> 192500 | C67: =B67*$C$4 -> 173250 | D67: =C67/$D$4 -> 156081.08 | E67: 1 | F67: =P67*$F$3 -> 31024.6 | G67: =P67*$G$3 -> 15258 | H67: =P67*$H$3 -> 4577.4 | I67: =P67*$I$3 -> 11443.5 | J67: 1250 | K67: =D67*$K$3 -> 7804.0541 | L67: =(D67*E67)+F67+G67+H67+I67+J67+K67 -> 227438.64 | M67: =N67/O67 -> 0.0072477979 | N67: =O67-L67 -> 1660.464 | O67: =P67/$O$4 -> 229099.1 | P67: 254300 | Q67: =P67/E67 -> 254300 | T67: =AD67*$T$3 -> 0 | U67: =AD67*$U$3 -> 0 | V67: =AD67*$V$3 -> 0 | W67: =AD67*$W$3 -> 0 | X67: 1250 | Y67: =D67*$Y$3 -> 7804.0541 | Z67: =(D67*S67)+T67+U67+V67+W67+X67+Y67 -> 9054.0541 | AA67: =AB67/AC67 -> #DIV/0! | AB67: =AC67-Z67 -> -9054.0541 | AC67: =AD67/$O$4 -> 0 | AE67: =AD67/S67 -> #DIV/0! | AH67: =AR67*$AH$3 -> 0 | AI67: =AR67*$AI$3 -> 0 | AJ67: =AR67*$AJ$3 -> 0 | AK67: =AR67*$AK$3 -> 0 | AL67: 1250 | AM67: =AF67*$AM$3 -> 0 | AN67: =(R67*AG67)+AH67+AI67+AJ67+AK67+AL67+AM67 -> 1250 | AO67: =AP67/AQ67 -> #DIV/0! | AP67: =AQ67-AN67 -> -1250 | AQ67: =AR67/$O$4 -> 0 | AS67: =AR67/AG67 -> #DIV/0!
A68: C.M.S P.WHITE 1BOX FREE 5PCS | B68: =B14 -> 3500 | C68: =B68*$C$4 -> 3150 | D68: =C68/$D$4 -> 2837.8378 | E68: 55 | F68: =P68*$F$3 -> 30365.8 | G68: =P68*$G$3 -> 14934 | H68: =P68*$H$3 -> 4480.2 | I68: =P68*$I$3 -> 11200.5 | J68: 1250 | K68: =D68*$K$3 -> 141.89189 | L68: =(D68*E68)+F68+G68+H68+I68+J68+K68 -> 218453.47 | M68: =N68/O68 -> 0.025780012 | N68: =O68-L68 -> 5780.7613 | O68: =P68/$O$4 -> 224234.23 | P68: 248900 | Q68: =P68/E68 -> 4525.4545 | T68: =AD68*$T$3 -> 0 | U68: =AD68*$U$3 -> 0 | V68: =AD68*$V$3 -> 0 | W68: =AD68*$W$3 -> 0 | X68: 1250 | Y68: =D68*$Y$3 -> 141.89189 | Z68: =(D68*S68)+T68+U68+V68+W68+X68+Y68 -> 1391.8919 | AA68: =AB68/AC68 -> #DIV/0! | AB68: =AC68-Z68 -> -1391.8919 | AC68: =AD68/$O$4 -> 0 | AE68: =AD68/S68 -> #DIV/0! | AH68: =AR68*$AH$3 -> 0 | AI68: =AR68*$AI$3 -> 0 | AJ68: =AR68*$AJ$3 -> 0 | AK68: =AR68*$AK$3 -> 0 | AL68: 1250 | AM68: =AF68*$AM$3 -> 0 | AN68: =(R68*AG68)+AH68+AI68+AJ68+AK68+AL68+AM68 -> 1250 | AO68: =AP68/AQ68 -> #DIV/0! | AP68: =AQ68-AN68 -> -1250 | AQ68: =AR68/$O$4 -> 0 | AS68: =AR68/AG68 -> #DIV/0!
C69: =B69*$C$4 -> 0 | D69: =C69/$D$4 -> 0 | F69: =P69*$F$3 -> 0 | G69: =P69*$G$3 -> 0 | H69: =P69*$H$3 -> 0 | I69: =P69*$I$3 -> 0 | J69: 1250 | K69: =D69*$K$3 -> 0 | L69: =(D69*E69)+F69+G69+H69+I69+J69+K69 -> 1250 | M69: =N69/O69 -> #DIV/0! | N69: =O69-L69 -> -1250 | O69: =P69/$O$4 -> 0 | Q69: =P69/E69 -> #DIV/0! | Y69: =D69*$Y$3 -> 0 | AH69: =AR69*$AH$3 -> 0 | AI69: =AR69*$AI$3 -> 0 | AJ69: =AR69*$AJ$3 -> 0 | AK69: =AR69*$AK$3 -> 0 | AL69: 1250 | AM69: =AF69*$AM$3 -> 0 | AN69: =(R69*AG69)+AH69+AI69+AJ69+AK69+AL69+AM69 -> 1250 | AO69: =AP69/AQ69 -> #DIV/0! | AP69: =AQ69-AN69 -> -1250 | AQ69: =AR69/$O$4 -> 0 | AS69: =AR69/AG69 -> #DIV/0!
A70: ICQ
A71: ICQ ORIE | B71: 1825 | C71: =B71*$C$4 -> 1642.5 | D71: =C71/$D$4 -> 1479.7297 | E71: 5 | F71: =P71*$F$3 -> 1952 | G71: =P71*$G$3 -> 960 | H71: =P71*$H$3 -> 288 | I71: =P71*$I$3 -> 720 | J71: 1250 | K71: =D71*$K$3 -> 73.986486 | L71: =(D71*E71)+F71+G71+H71+I71+J71+K71 -> 12642.635 | M71: =N71/O71 -> 0.12291719 | N71: =O71-L71 -> 1771.7793 | O71: =P71/$O$4 -> 14414.414 | P71: 16000 | Q71: =P71/E71 -> 3200 | S71: 50 | T71: =AD71*$T$3 -> 18178 | U71: =AD71*$U$3 -> 8940 | V71: =AD71*$V$3 -> 2682 | W71: =AD71*$W$3 -> 6705 | X71: 1250 | Y71: =R71*$Y$3 -> 0 | Z71: =(D71*S71)+T71+U71+V71+W71+X71+Y71 -> 111741.49 | AA71: =AB71/AC71 -> 0.16756342 | AB71: =AC71-Z71 -> 22492.748 | AC71: =AD71/$O$4 -> 134234.23 | AD71: 149000 | AE71: =AD71/S71 -> 2980 | AH71: =AR71*$AH$3 -> 0 | AI71: =AR71*$AI$3 -> 0 | AJ71: =AR71*$AJ$3 -> 0 | AK71: =AR71*$AK$3 -> 0 | AL71: 1250 | AM71: =AF71*$AM$3 -> 0 | AN71: =(R71*AG71)+AH71+AI71+AJ71+AK71+AL71+AM71 -> 1250 | AO71: =AP71/AQ71 -> #DIV/0! | AP71: =AQ71-AN71 -> -1250 | AQ71: =AR71/$O$4 -> 0 | AS71: =AR71/AG71 -> #DIV/0!
